{"type":"FeatureCollection","name":"aegis-catchments","edition":"v1.c (level 8, Asia, 2014 release)","spatialReference":"EPSG:4326","generatedAt":"2026-09-11T04:36:17.395Z","provenance":{"source":"HydroSHEDS HydroBASINS","datasetVersion":"v1.c (level 8, Asia, 2014 release)","file":"hybas_as_lev08_v1c.zip","sha1":"1cd88173c3e33685472cc657309b155004ad1573","sizeBytes":83669308,"retrievedAt":"2026-09-11T04:36:17.395Z","crs":"EPSG:4326 (WGS 84, longitude/latitude)","crsWkt":"GEOGCS[\"GCS_WGS_1984\",DATUM[\"D_WGS_1984\",SPHEROID[\"WGS_1984\",6378137.0,298.257223563]],PRIMEM[\"Greenwich\",0.0],UNIT[\"Degree\",0.0174532925199433],METADATA[\"World\",-180.0,-90.0,180.0,90.0,0.0,0.0174532925199433,0.0,1262]]","licenseUrl":"https://www.hydrosheds.org/page/license","citation":"Lehner, B., Grill G. (2013). Global river hydrography and network routing: baseline data and new approaches to study the world's large river systems. Hydrological Processes, 27(15): 2171–2186.","quality":"observed","notes":"Level-8 sub-basin units derived from 15 arc-second HydroSHEDS elevation data. They are hydrological units, not administrative districts, and they are not flood inundation extents."},"features":[{"type":"Feature","id":"darjeeling","bbox":[87.98750000000004,26.98333333333336,88.43333333333337,27.670833333333366],"geometry":{"type":"Polygon","coordinates":[[[88.04166666666669,27.037500000000026],[88.04825778537328,27.03714667426218],[88.05174221462676,27.033686659071208],[88.05659111870662,27.032980007595512],[88.0607871161567,27.028813340928846],[88.06492445203995,27.02951999240454],[88.06840888129342,27.032980007595512],[88.0791666666667,27.03333333333336],[88.07916666666671,27.029166666666693],[88.08248240152997,27.02831590440541],[88.08390062120228,27.022789510091172],[88.0869327121311,27.01887715657555],[88.0882042778863,27.009252929687527],[88.0936228434245,27.004733954535617],[88.09804382324221,27.00359937879777],[88.11028951009116,26.992233954535617],[88.11471048990887,26.99109937879777],[88.1186228434245,26.98806728786895],[88.12304382324221,26.986932712131104],[88.12695617675783,26.983900621202284],[88.12916666666669,26.98333333333336],[88.13575778537329,26.983686659071207],[88.13924221462676,26.987146674262178],[88.15242445203995,26.987853325737873],[88.15590888129343,26.991313340928848],[88.16075778537329,26.99201999240454],[88.18161638047962,27.012853325737876],[88.20242445203995,27.01214667426218],[88.20590888129342,27.00868665907121],[88.21492445203995,27.007980007595513],[88.21912044949003,27.003813340928847],[88.22325778537329,27.00451999240454],[88.22674221462675,27.007980007595513],[88.24825778537328,27.00868665907121],[88.25174221462676,27.01214667426218],[88.25416666666669,27.012500000000028],[88.25452440049915,27.01004503038197],[88.26424221462676,27.000353325737873],[88.2666666666667,27.00000000000003],[88.26909111870663,26.99964667426218],[88.27257554796009,26.996186659071206],[88.28750000000002,26.99583333333336],[88.28785332573787,27.002424452039957],[88.29131334092884,27.00590888129343],[88.29202440049916,27.010788302951415],[88.30174221462676,27.020480007595513],[88.30659111870662,27.02118665907121],[88.3100755479601,27.02464667426218],[88.31909111870662,27.025353325737875],[88.32674221462676,27.032980007595512],[88.33159111870663,27.033686659071208],[88.33924221462676,27.041313340928845],[88.34583333333336,27.041666666666693],[88.34680107964412,27.04543728298614],[88.35195617675784,27.049432712131104],[88.35637715657555,27.05056728786895],[88.3604166666667,27.053698052300376],[88.36592000325524,27.049432712131104],[88.37827029758031,27.050673760308186],[88.38006218804256,27.057656182183187],[88.39778951009117,27.074432712131102],[88.40221048990888,27.07556728786895],[88.4075866699219,27.07973395453562],[88.41471048990888,27.07859937879777],[88.4200866699219,27.074432712131102],[88.42304382324221,27.07556728786895],[88.42695617675784,27.07859937879777],[88.43333333333337,27.079166666666694],[88.43333333333337,27.08333333333336],[88.43276604546443,27.093877156575548],[88.42973395453562,27.097789510091175],[88.42859937879777,27.110543823242214],[88.42025044759117,27.119913736979193],[88.41320851643883,27.121720716688397],[88.4119327121311,27.13137715657555],[88.40473395453562,27.13945617675784],[88.40359937879776,27.14657999674482],[88.40776604546444,27.151956176757842],[88.40890062120228,27.16471048990888],[88.4119327121311,27.168622843424508],[88.41250000000002,27.170833333333363],[88.40918426513674,27.171684265136747],[88.40776604546444,27.177210489908884],[88.39941711425784,27.18658023410376],[88.39583333333336,27.18750000000003],[88.39640062120228,27.189710489908883],[88.3994327121311,27.193622843424507],[88.40056728786895,27.198043823242216],[88.40359937879776,27.20195617675784],[88.40501759847008,27.207482401529976],[88.40833333333336,27.20833333333336],[88.40769059922962,27.218801710340742],[88.40480940077042,27.222864956325985],[88.40313652886287,27.228421698676243],[88.38953162299265,27.229809400770428],[88.3854683770074,27.232690599229628],[88.37160474989152,27.23410474989152],[88.37008836534291,27.24896986219621],[88.36346418592667,27.250964185926676],[88.36185726589629,27.25630171034074],[88.35480940077042,27.26453162299265],[88.35416666666669,27.270833333333364],[88.35451999240453,27.273257785373293],[88.35798000759551,27.276742214626765],[88.35868665907121,27.281591118706626],[88.36214667426218,27.285075547960098],[88.36285332573787,27.310757785373294],[88.36631334092884,27.314242214626766],[88.36701999240454,27.319091118706627],[88.3829800075955,27.3350755479601],[88.38333333333335,27.33750000000003],[88.38971048990888,27.336932712131105],[88.39433763292104,27.33334655761722],[88.3994327121311,27.339456176757842],[88.40089959038632,27.345172119140656],[88.40833333333336,27.345833333333363],[88.40890062120228,27.352210489908884],[88.4119327121311,27.356122843424508],[88.41306728786896,27.363246663411488],[88.40890062120228,27.36862284342451],[88.40762481689455,27.378279283311663],[88.40067376030818,27.380063035753068],[88.3994327121311,27.392413330078156],[88.40359937879776,27.397789510091176],[88.40473395453562,27.40637715657555],[88.4119327121311,27.41445617675784],[88.41306728786896,27.41887715657555],[88.41609937879777,27.422789510091178],[88.41666666666669,27.42500000000003],[88.41631334092884,27.448257785373293],[88.40868665907121,27.455908881293432],[88.40833333333336,27.479166666666696],[88.40195617675784,27.47973395453562],[88.39804382324222,27.48276604546444],[88.39362284342451,27.483900621202288],[88.38971048990888,27.486932712131107],[88.38528951009117,27.488067287868954],[88.38013441297745,27.492062547471818],[88.3783157348633,27.499149068196644],[88.37278951009117,27.500567287868954],[88.36763441297745,27.50456254747182],[88.36609937879777,27.51054382324222],[88.35473395453562,27.522789510091176],[88.35416666666669,27.52500000000003],[88.34673292371964,27.525661214192738],[88.34583333333336,27.529166666666697],[88.32674221462676,27.529519992404545],[88.32325778537329,27.53298000759552],[88.30416666666669,27.533333333333363],[88.29257592095271,27.53270975748701],[88.29109937879777,27.526956176757842],[88.28654022216799,27.52148929172095],[88.2791666666667,27.520833333333364],[88.27674221462676,27.521186659071212],[88.27325778537329,27.524646674262183],[88.26840888129342,27.52535332573788],[88.26492445203995,27.52881334092885],[88.2600755479601,27.529519992404545],[88.25659111870662,27.53298000759552],[88.25174221462676,27.53368665907121],[88.24409111870662,27.541313340928852],[88.23333333333336,27.5416666666667],[88.23276604546443,27.54387715657555],[88.22973395453562,27.547789510091178],[88.22859937879777,27.568877156575553],[88.22556728786894,27.572789510091177],[88.2244327121311,27.59387715657555],[88.22140062120228,27.59778951009118],[88.22026604546443,27.606377156575554],[88.21723395453562,27.610289510091178],[88.21609937879776,27.618877156575554],[88.21306728786895,27.622789510091177],[88.2119327121311,27.643877156575552],[88.19068400065106,27.66601274278432],[88.17589959038631,27.667327880859407],[88.17500000000003,27.670833333333366],[88.15833333333336,27.670833333333366],[88.15833333333336,27.6666666666667],[88.15590888129343,27.666313340928852],[88.1336871676975,27.644116889105934],[88.13333333333335,27.6291666666667],[88.13001759847008,27.628315734863314],[88.12859937879776,27.622789510091177],[88.12025044759118,27.6134197658963],[88.11445617675784,27.611932712131107],[88.10221048990887,27.600567287868955],[88.0936228434245,27.599432712131108],[88.08403625488283,27.590737406412792],[88.08276604546444,27.58112284342451],[88.07973395453561,27.577210489908886],[88.07859937879776,27.570086669921906],[88.08286827935115,27.564578755696644],[88.07824723985462,27.55903761121965],[88.06755405002173,27.557624816894563],[88.06666666666669,27.5541666666667],[88.06631334092884,27.5475755479601],[88.06285332573788,27.54409111870663],[88.06214667426218,27.539242214626768],[88.0586866590712,27.535757785373296],[88.05833333333337,27.533333333333363],[88.06306728786895,27.532118394639788],[88.06180318196617,27.52172376844621],[88.05833333333337,27.520833333333364],[88.05890062120228,27.51862284342451],[88.0620312160916,27.514583333333363],[88.05890062120228,27.51054382324222],[88.05748240152997,27.505017598470083],[88.05039588080514,27.503198920355935],[88.04526604546443,27.49657999674482],[88.04640062120228,27.47695617675784],[88.07026604546444,27.452210489908886],[88.07140062120229,27.447789510091177],[88.0745312160916,27.44375000000003],[88.07140062120229,27.439710489908883],[88.07083333333335,27.43750000000003],[88.07083333333335,27.433333333333366],[88.07026604546444,27.43112284342451],[88.05056728786894,27.410543823242218],[88.0494327121311,27.40612284342451],[88.04640062120228,27.402210489908885],[88.04526604546443,27.39362284342451],[88.04109937879777,27.388246663411486],[88.04223395453562,27.385289510091177],[88.04536454942493,27.38125000000003],[88.04109937879777,27.375746663411487],[88.04223395453562,27.372789510091174],[88.04526604546443,27.36887715657555],[88.04680107964413,27.36289588080515],[88.05195617675784,27.358900621202288],[88.05748240152997,27.35748240152998],[88.05890062120228,27.35195617675784],[88.0619327121311,27.348043823242218],[88.06306728786895,27.34362284342451],[88.06609937879776,27.339710489908885],[88.06666666666669,27.33750000000003],[88.06424221462676,27.337146674262183],[88.05035552978518,27.323285590277806],[88.04964667426218,27.314242214626766],[88.04201999240453,27.306591118706628],[88.04166666666669,27.295833333333363],[88.0408157348633,27.29251759847008],[88.03399454752606,27.29076707628041],[88.03276604546443,27.276956176757842],[88.02973395453562,27.273043823242215],[88.02916666666668,27.25000000000003],[88.02916666666668,27.245833333333362],[88.02570851643883,27.244945949978327],[88.0244327121311,27.235289510091174],[88.02140062120228,27.23137715657555],[88.02026604546444,27.22695617675784],[88.01723395453561,27.223043823242215],[88.0166666666667,27.216666666666697],[88.01666666666671,27.200000000000028],[88.01723395453561,27.17695617675784],[88.02140062120228,27.17157999674482],[88.02026604546444,27.168622843424508],[88.01306728786895,27.160543823242215],[88.0119327121311,27.147789510091172],[87.9922339545356,27.127210489908883],[87.9908157348633,27.121684095594645],[87.98750000000004,27.120833333333362],[87.98785332573787,27.11840888129343],[87.99131334092884,27.114924452039958],[87.9916666666667,27.11250000000003],[87.99202473958336,27.110042995876764],[87.9975755479601,27.10451999240454],[88.00659111870662,27.10381334092885],[88.01840888129342,27.09201999240454],[88.02083333333336,27.091666666666693],[88.02048000759551,27.080908881293432],[88.01668124728735,27.077083333333363],[88.02048000759551,27.07325778537329],[88.0211866590712,27.06840888129343],[88.02464667426217,27.064924452039957],[88.02535332573787,27.060075547960096],[88.03298000759551,27.052424452039958],[88.03368665907121,27.047575547960097],[88.04131334092884,27.03992445203996],[88.04166666666669,27.037500000000026]]]},"properties":{"id":"darjeeling","name":"Darjeeling","state":"West Bengal","group":"Eastern hills","riverName":"Rangeet","hybasId":4080858840,"pfafId":45253042,"level":8,"nextDown":4080912240,"nextSink":4080025450,"mainBasin":4080025450,"subAreaKm2":2209,"upstreamAreaKm2":2209.1,"distanceToSinkKm":604.2,"distanceToMainKm":604.2,"endorheic":false,"coastal":false,"order":3,"upstreamUnits":[],"downstreamUnit":{"hybasId":4080912240,"subAreaKm2":4702.3},"seedPoint":{"type":"Point","coordinates":[88.2663,27.041]},"reachCount":319,"edition":"v1.c (level 8, Asia, 2014 release)","spatialReference":"EPSG:4326"}},{"type":"Feature","id":"gangtok","bbox":[88.35416666666669,27.058333333333362,88.88333333333337,27.53750000000003],"geometry":{"type":"Polygon","coordinates":[[[88.46250000000002,27.058333333333362],[88.4660837809245,27.059252929687528],[88.4744327121311,27.068622843424507],[88.47585093180341,27.074149237738744],[88.48137715657555,27.07556728786895],[88.48528951009118,27.07859937879777],[88.48971048990887,27.07973395453562],[88.4936228434245,27.08276604546444],[88.49804382324221,27.083900621202286],[88.50195617675784,27.086932712131105],[88.52304382324222,27.088067287868952],[88.52695617675784,27.09109937879777],[88.53293745252824,27.092634412977457],[88.5369327121311,27.097789510091175],[88.53846774631079,27.103770616319473],[88.54375000000003,27.107864718967043],[88.54925333658856,27.10359937879777],[88.55637715657555,27.104733954535618],[88.56028951009117,27.107766045464437],[88.56471048990888,27.108900621202284],[88.58112284342451,27.124432712131103],[88.58333333333336,27.12500000000003],[88.58390062120229,27.122789510091174],[88.59109937879776,27.11471048990888],[88.59258643256297,27.10891621907555],[88.60195617675784,27.10056728786895],[88.60637715657555,27.099432712131104],[88.6104166666667,27.09630194769968],[88.61445617675784,27.099432712131104],[88.62721048990888,27.10056728786895],[88.6325866699219,27.104733954535618],[88.64909617106123,27.103522067599854],[88.65000000000003,27.100000000000026],[88.65000000000003,27.091666666666693],[88.65221048990888,27.09109937879777],[88.65612284342451,27.088067287868952],[88.66054382324222,27.086932712131105],[88.66445617675784,27.083900621202286],[88.67411261664499,27.08262498643666],[88.67500000000003,27.079166666666694],[88.68159111870662,27.079519992404542],[88.6850755479601,27.082980007595513],[88.69409111870662,27.08368665907121],[88.6975755479601,27.08714667426218],[88.70242445203996,27.087853325737875],[88.70797526041669,27.0933763292101],[88.70833333333336,27.09583333333336],[88.71250000000003,27.09583333333336],[88.7119327121311,27.10221048990888],[88.70890062120229,27.106122843424508],[88.70776604546444,27.109079996744818],[88.7119327121311,27.11445617675784],[88.71320851643883,27.124112616644993],[88.71887715657554,27.12556728786895],[88.72824690077043,27.133916219075548],[88.7291666666667,27.137500000000028],[88.7357577853733,27.13714667426218],[88.73924221462677,27.13368665907121],[88.74166666666669,27.13333333333336],[88.74223395453562,27.135543823242216],[88.74526604546443,27.13945617675784],[88.74680107964413,27.14543728298614],[88.75195617675784,27.149432712131105],[88.75767211914065,27.150899590386313],[88.75890062120229,27.16471048990888],[88.7619327121311,27.168622843424508],[88.7632029215495,27.178237406412787],[88.77278951009117,27.186932712131103],[88.78750000000002,27.18750000000003],[88.78806728786896,27.19387715657555],[88.79109937879777,27.197789510091173],[88.79223395453562,27.202210489908882],[88.79943271213111,27.210289510091172],[88.80056728786896,27.223043823242215],[88.80359937879777,27.22695617675784],[88.80473395453562,27.261285061306452],[88.80000000000003,27.262500000000028],[88.79914906819664,27.26581573486331],[88.79583333333336,27.266666666666694],[88.79643842909074,27.27300601535376],[88.79939490424265,27.276993984646296],[88.80105743408205,27.28296407063805],[88.81032731797963,27.291061570909317],[88.81467268202043,27.292271762424075],[88.82282731797963,27.29939490424265],[88.8313393486871,27.30060509575741],[88.83532731797963,27.303561570909316],[88.84504835340715,27.304943508572077],[88.84576382107208,27.309783935546903],[88.84227176242408,27.314493984646298],[88.84106157090932,27.318839348687096],[88.83810509575741,27.32282731797963],[88.83689490424266,27.32717268202043],[88.83272823757598,27.33279266357425],[88.8343955145942,27.342271762424076],[88.85217285156253,27.341061570909318],[88.85779283311635,27.33689490424265],[88.86050618489587,27.338105095757406],[88.87282714843752,27.34939490424265],[88.87916666666669,27.35000000000003],[88.88333333333337,27.35000000000003],[88.88333333333337,27.358333333333363],[88.88119845920141,27.358976067437094],[88.8729682074653,27.366023932562964],[88.86869845920141,27.36730940077043],[88.86332058376739,27.371122572157148],[88.86162448459204,27.387750244140655],[88.85630154079864,27.383976067437096],[88.85384487575958,27.38269059922963],[88.84791191948787,27.386897277832063],[88.83958197699656,27.37976396348744],[88.82713504367408,27.391023932562963],[88.82163119845923,27.39268086751305],[88.82000681559248,27.40334014892581],[88.81036495632598,27.40480940077043],[88.80630171034073,27.407690599229632],[88.80416666666669,27.408333333333363],[88.80359937879777,27.41887715657555],[88.79640062120228,27.42695617675784],[88.79526604546444,27.43137715657555],[88.79223395453562,27.435289510091177],[88.79109937879777,27.43824666341149],[88.79526604546444,27.44362284342451],[88.79640062120228,27.446579996744823],[88.79127078586157,27.453198920355934],[88.78418426513674,27.455017598470082],[88.78333333333336,27.458333333333364],[88.78248240152998,27.461649068196646],[88.7791666666667,27.46250000000003],[88.77674221462676,27.462146674262183],[88.77325778537329,27.458686659071212],[88.76840888129342,27.457980007595516],[88.7628580729167,27.452456834581195],[88.76250000000003,27.45000000000003],[88.75506625705297,27.45066121419274],[88.75359937879777,27.456377156575552],[88.75056728786895,27.460289510091176],[88.75000000000003,27.46250000000003],[88.74914906819664,27.465815734863313],[88.74583333333337,27.466666666666697],[88.73924221462677,27.467019992404545],[88.7357577853733,27.470480007595516],[88.73090888129343,27.47118665907121],[88.72742445203995,27.474646674262182],[88.72257554796009,27.475353325737878],[88.71909111870663,27.478813340928852],[88.71424221462676,27.479519992404544],[88.71075778537329,27.482980007595515],[88.70590888129342,27.48368665907121],[88.69825778537329,27.49131334092885],[88.69340888129344,27.492019992404543],[88.68992445203996,27.495480007595518],[88.67500000000003,27.495833333333366],[88.6725755479601,27.495480007595518],[88.66909111870662,27.492019992404543],[88.63924221462676,27.49131334092885],[88.62742445203996,27.479519992404544],[88.62083333333337,27.479166666666696],[88.61992763943145,27.48269568549265],[88.60195617675784,27.483900621202288],[88.59804382324222,27.486932712131107],[88.58528951009117,27.488067287868954],[88.58137715657554,27.491099378797774],[88.5686228434245,27.49223395453562],[88.54804382324221,27.511932712131106],[88.5436228434245,27.513067287868953],[88.53846774631079,27.51706254747182],[88.53750000000002,27.520833333333364],[88.53333333333336,27.520833333333364],[88.53298000759551,27.53159111870663],[88.52745683458119,27.537141927083365],[88.52500000000002,27.53750000000003],[88.52500000000002,27.529166666666697],[88.52535332573787,27.52674221462677],[88.52916802300349,27.52290072970923],[88.52325778537329,27.517019992404546],[88.5100755479601,27.51631334092885],[88.50659111870662,27.51285332573788],[88.4975755479601,27.512146674262183],[88.49337955051001,27.507980007595517],[88.4850755479601,27.508686659071213],[88.48087955051001,27.51285332573788],[88.47674221462677,27.512146674262183],[88.47325778537329,27.508686659071213],[88.45590888129342,27.507980007595517],[88.45242445203996,27.504519992404546],[88.4350755479601,27.50381334092885],[88.4232577853733,27.492019992404543],[88.41421220567494,27.49131096733944],[88.40868665907121,27.485757785373295],[88.40833333333336,27.479166666666696],[88.40868665907121,27.455908881293432],[88.41631334092884,27.448257785373293],[88.41666666666669,27.42500000000003],[88.41609937879777,27.422789510091178],[88.41306728786896,27.41887715657555],[88.4119327121311,27.41445617675784],[88.40473395453562,27.40637715657555],[88.40359937879776,27.397789510091176],[88.3994327121311,27.392413330078156],[88.40067376030818,27.380063035753068],[88.40762481689455,27.378279283311663],[88.40890062120228,27.36862284342451],[88.41306728786896,27.363246663411488],[88.4119327121311,27.356122843424508],[88.40890062120228,27.352210489908884],[88.40833333333336,27.345833333333363],[88.40089959038632,27.345172119140656],[88.3994327121311,27.339456176757842],[88.39433763292104,27.33334655761722],[88.38971048990888,27.336932712131105],[88.38333333333335,27.33750000000003],[88.3829800075955,27.3350755479601],[88.36701999240454,27.319091118706627],[88.36631334092884,27.314242214626766],[88.36285332573787,27.310757785373294],[88.36214667426218,27.285075547960098],[88.35868665907121,27.281591118706626],[88.35798000759551,27.276742214626765],[88.35451999240453,27.273257785373293],[88.35416666666669,27.270833333333364],[88.35480940077042,27.26453162299265],[88.36185726589629,27.25630171034074],[88.36346418592667,27.250964185926676],[88.37008836534291,27.24896986219621],[88.37160474989152,27.23410474989152],[88.3854683770074,27.232690599229628],[88.38953162299265,27.229809400770428],[88.40313652886287,27.228421698676243],[88.40480940077042,27.222864956325985],[88.40769059922962,27.218801710340742],[88.40833333333336,27.20833333333336],[88.40501759847008,27.207482401529976],[88.40359937879776,27.20195617675784],[88.40056728786895,27.198043823242216],[88.3994327121311,27.193622843424507],[88.39640062120228,27.189710489908883],[88.39583333333336,27.18750000000003],[88.39941711425784,27.18658023410376],[88.40776604546444,27.177210489908884],[88.40918426513674,27.171684265136747],[88.41250000000002,27.170833333333363],[88.4119327121311,27.168622843424508],[88.40890062120228,27.16471048990888],[88.40776604546444,27.151956176757842],[88.40359937879776,27.14657999674482],[88.40473395453562,27.13945617675784],[88.4119327121311,27.13137715657555],[88.41320851643883,27.121720716688397],[88.42025044759117,27.119913736979193],[88.42859937879777,27.110543823242214],[88.42973395453562,27.097789510091175],[88.43276604546443,27.093877156575548],[88.43333333333337,27.08333333333336],[88.43333333333337,27.079166666666694],[88.43750000000003,27.079166666666694],[88.43785773383249,27.076711697048637],[88.4475755479601,27.067019992404543],[88.45242445203996,27.066313340928847],[88.4600755479601,27.058686659071206],[88.46250000000002,27.058333333333362]]]},"properties":{"id":"gangtok","name":"Gangtok","state":"Sikkim","group":"Northeast","riverName":"Teesta","hybasId":4080858850,"pfafId":45253043,"level":8,"nextDown":4080912240,"nextSink":4080025450,"mainBasin":4080025450,"subAreaKm2":1756.2,"upstreamAreaKm2":5554.8,"distanceToSinkKm":604.4,"distanceToMainKm":604.4,"endorheic":false,"coastal":false,"order":2,"upstreamUnits":[4080844420,4080844410],"downstreamUnit":{"hybasId":4080912240,"subAreaKm2":4702.3},"seedPoint":{"type":"Point","coordinates":[88.6065,27.3389]},"reachCount":234,"edition":"v1.c (level 8, Asia, 2014 release)","spatialReference":"EPSG:4326"}},{"type":"Feature","id":"shillong","bbox":[91.70416666666671,25.466666666666697,92.40056728786895,26.175567287868944],"geometry":{"type":"MultiPolygon","coordinates":[[[[92.20833333333336,25.795833333333366],[92.2129113091363,25.79700826009118],[92.20954827202694,25.800567287868958],[92.20833333333336,25.795833333333366]]],[[[92.2166666666667,26.10000000000002],[92.20590888129342,26.09964667426217],[92.19825778537329,26.092019992404534],[92.19166666666669,26.091666666666686],[92.19076707628041,26.088161214192727],[92.17695617675784,26.086932712131095],[92.17157999674481,26.082766045464428],[92.1686228434245,26.083900621202275],[92.16457451714412,26.08703816731773],[92.15637715657554,26.07973395453561],[92.15195617675784,26.07859937879776],[92.13848809136287,26.066099378797762],[92.13528951009117,26.06723395453561],[92.12991333007815,26.071400621202276],[92.11445617675784,26.07026604546443],[92.11054382324221,26.06723395453561],[92.10195617675784,26.066099378797762],[92.09804382324221,26.063067287868943],[92.09583333333336,26.06250000000002],[92.09521569146052,26.060339694552972],[92.0922281901042,26.05625000000002],[92.09645097520618,26.050469292534743],[92.09507819281686,26.03828599717884],[92.08132680257164,26.025617472330747],[92.07156846788197,26.02419738769533],[92.07083333333335,26.016666666666687],[92.06445617675783,26.01609937879776],[92.05637715657554,26.008900621202276],[92.05195617675784,26.00776604546443],[92.04804382324221,26.00473395453561],[92.03945617675784,26.003599378797762],[92.03554382324221,26.000567287868943],[92.0311228434245,25.999432712131096],[92.0230438232422,25.99223395453561],[92.01767340766061,25.990855577256962],[92.01609937879776,25.98675333658856],[92.02036454942494,25.981250000000017],[92.01627078586156,25.975967746310783],[92.01028951009117,25.974432712131094],[91.99804382324221,25.96306728786894],[91.98945617675784,25.961932712131095],[91.98430107964413,25.95793728298613],[91.98276604546443,25.951956176757832],[91.97556728786894,25.94387715657554],[91.9744327121311,25.940920003255226],[91.97869788275827,25.935416666666683],[91.97556728786894,25.93137715657554],[91.97429148356122,25.921720716688387],[91.96751759847007,25.91998257107207],[91.96666666666668,25.916666666666686],[91.96593153211808,25.909135945638038],[91.95617319742841,25.90771586100262],[91.95216013590498,25.904784138997414],[91.94594726562502,25.90300801595054],[91.94104902479386,25.896302625868074],[91.94228430853951,25.8936730278863],[91.94521569146052,25.889660305447066],[91.94583333333335,25.887500000000017],[91.94656880696617,25.87996656629776],[91.95200653076174,25.875617472330745],[91.95821940104169,25.87384134928387],[91.96311764187286,25.867135959201406],[91.9618823581272,25.864506361219636],[91.95375162760419,25.85513678656686],[91.96466013590496,25.853549194335955],[91.96875661214195,25.8505567762587],[91.9779242621528,25.858512030707484],[91.9791666666667,25.8541666666667],[91.98333333333335,25.854166666666686],[91.98390062120228,25.843622843424512],[91.99640062120228,25.830154758029547],[91.99526604546443,25.826956176757847],[91.98806728786894,25.818877156575553],[91.98684522840713,25.805139668782587],[91.97721048990887,25.79640062120229],[91.97278951009116,25.795266045464444],[91.96459214952259,25.787961832682324],[91.95947045220271,25.791931321885883],[91.95748240152997,25.78418426513675],[91.9494327121311,25.782118394639788],[91.95069207085506,25.771762932671475],[91.9561228434245,25.767233954535623],[91.9605438232422,25.766099378797776],[91.96445617675784,25.763067287868957],[91.96666666666668,25.76250000000003],[91.96666666666668,25.758333333333365],[91.96701999240453,25.75174221462677],[91.97048000759551,25.748257785373298],[91.97083333333337,25.745833333333366],[91.97500000000002,25.745833333333366],[91.97414906819664,25.742517598470084],[91.97083333333336,25.7416666666667],[91.97026604546443,25.739456176757844],[91.96723395453562,25.73554382324222],[91.9658157348633,25.730017598470084],[91.96028951009117,25.728599378797774],[91.95637715657554,25.725567287868955],[91.94778951009117,25.724432712131108],[91.94387715657554,25.72140062120229],[91.93835093180341,25.719982401529982],[91.93664906819663,25.71335093180342],[91.9311228434245,25.71193271213111],[91.92721048990887,25.70890062120229],[91.92168426513675,25.70748240152998],[91.92026604546443,25.701956176757847],[91.91723395453562,25.69804382324222],[91.91609937879777,25.689456176757844],[91.91306728786894,25.68554382324222],[91.91250000000002,25.6791666666667],[91.91158548990889,25.6756023830838],[91.87695617675784,25.674432712131107],[91.87304382324223,25.671400621202288],[91.86342909071185,25.670130411783887],[91.85473395453563,25.66054382324222],[91.85359937879778,25.656122843424512],[91.85056728786896,25.652210489908885],[91.84933878580733,25.638399590386317],[91.84362284342451,25.63693271213111],[91.83137715657556,25.625567287868954],[91.82695617675785,25.62443271213111],[91.82304382324223,25.621400621202287],[91.81706271701393,25.619865587022602],[91.81306728786896,25.614710489908887],[91.81250000000004,25.612500000000033],[91.81007554796011,25.612146674262185],[91.80659111870663,25.60868665907121],[91.80174221462677,25.60798000759552],[91.7982577853733,25.604519992404544],[91.79583333333338,25.6041666666667],[91.79548000759553,25.601742214626768],[91.79201999240455,25.598257785373296],[91.7916666666667,25.595833333333363],[91.79131334092885,25.593408881293435],[91.78368665907122,25.585757785373296],[91.7829752604167,25.5808764987522],[91.77742445203997,25.57535332573788],[91.7600755479601,25.574646674262183],[91.75659111870664,25.571186659071213],[91.75174221462677,25.570480007595517],[91.7482577853733,25.567019992404546],[91.74337632921011,25.56630859375003],[91.73785332573789,25.560757785373294],[91.73750000000004,25.558333333333366],[91.71862284342451,25.55776604546444],[91.71054382324222,25.550567287868954],[91.70501742892799,25.549149068196645],[91.70416666666671,25.545833333333363],[91.70451999240456,25.543408881293434],[91.70798000759552,25.539924452039962],[91.70833333333337,25.529166666666697],[91.71583285861549,25.5284834120009],[91.71710442437069,25.52204810248484],[91.71250000000003,25.520833333333364],[91.71193271213112,25.51862284342451],[91.70879516601566,25.514574517144126],[91.71609937879778,25.506377156575553],[91.71730448404952,25.48840569390194],[91.72429165310334,25.486612616644997],[91.72556728786896,25.47695617675784],[91.73276604546444,25.46887715657555],[91.73333333333336,25.466666666666697],[91.74387715657555,25.467233954535622],[91.74778951009118,25.47026604546444],[91.75221048990889,25.47140062120229],[91.76133694118927,25.479532538519997],[91.76250000000003,25.47500000000003],[91.76581590440541,25.475850931803414],[91.76751742892799,25.48248240152998],[91.77441711425784,25.484253099229633],[91.78276604546444,25.49362284342451],[91.78390062120229,25.49804382324222],[91.78693271213112,25.501956176757844],[91.78820834689674,25.511612616644996],[91.79498257107208,25.513350931803416],[91.79704827202694,25.52140062120229],[91.81887715657555,25.52026604546444],[91.82425333658858,25.516099378797776],[91.84067891438806,25.51730499267581],[91.84943271213112,25.526956176757842],[91.85085076226132,25.53248240152998],[91.85637715657556,25.53390062120229],[91.86028951009118,25.536932712131108],[91.86471048990889,25.538067287868955],[91.86862284342452,25.541099378797774],[91.88750000000002,25.5416666666667],[91.89381425645618,25.54229685465498],[91.9020190768772,25.54936981201175],[91.90631425645618,25.55063018798831],[91.9145190768772,25.557703145345084],[91.93255784776478,25.55905693901913],[91.93396352132163,25.57159356011288],[91.92146352132164,25.585352410210536],[91.92020314534507,25.592062886556022],[91.92436981201175,25.597852410210535],[91.92500000000003,25.6041666666667],[91.92168426513675,25.605017598470084],[91.92083333333335,25.608333333333366],[91.9166666666667,25.608333333333366],[91.91723395453562,25.62304382324222],[91.92558288574222,25.632413567437098],[91.93137715657554,25.63390062120229],[91.93653225368925,25.637895880805154],[91.93806728786895,25.643877156575552],[91.94262644449871,25.649344041612444],[91.95637715657554,25.650567287868956],[91.96028951009117,25.653599378797775],[91.96471048990888,25.654733954535622],[91.9686228434245,25.65776604546444],[91.97304382324221,25.65890062120229],[91.97695617675784,25.661932712131108],[91.98137715657555,25.663067287868955],[91.98528951009116,25.666099378797774],[91.9908157348633,25.667517598470084],[91.9922339545356,25.67304382324222],[91.99526604546443,25.676956176757844],[91.99583333333335,25.6791666666667],[91.9954800075955,25.681591118706628],[91.99131334092884,25.685787116156718],[91.99202168782554,25.698287116156717],[91.9975755479601,25.703813340928853],[92.00242445203995,25.704519992404546],[92.01007554796008,25.712146674262186],[92.01495683458118,25.7128580729167],[92.02048000759551,25.718408881293435],[92.02118903266062,25.727454460991787],[92.02674221462676,25.73298000759552],[92.03162112765844,25.733691067165832],[92.04548000759551,25.747575547960103],[92.04619106716582,25.75245513916019],[92.05661739773223,25.76285332573788],[92.06492445203995,25.762146674262187],[92.06875084771053,25.758347066243523],[92.08090888129342,25.77048000759552],[92.08575778537329,25.771186659071212],[92.09411773681643,25.77951999240455],[92.09825778537329,25.778813340928853],[92.10174221462675,25.775353325737882],[92.10416666666669,25.775000000000034],[92.10501759847007,25.778315734863313],[92.10833333333336,25.7791666666667],[92.11568044026696,25.778449503580763],[92.11759304470489,25.771759711371562],[92.12299346923831,25.770215691460535],[92.12700653076175,25.76728430853953],[92.13240695529517,25.765740288628507],[92.13395097520619,25.760339864095084],[92.14104902479386,25.75216013590498],[92.14228430853952,25.749530877007412],[92.13723263210723,25.742615254720086],[92.1479934692383,25.74104902479387],[92.15200653076174,25.73811764187286],[92.1604934692383,25.736882358127204],[92.16450653076174,25.733950975206195],[92.1674033270942,25.732715691460537],[92.17700653076174,25.74104902479387],[92.18132680257163,25.742284308539528],[92.18950653076175,25.749382358127203],[92.19382680257164,25.750617641872864],[92.19783986409507,25.75354902479387],[92.20324028862849,25.755093044704893],[92.2041666666667,25.758333333333365],[92.20195617675783,25.75890062120229],[92.19166327582468,25.76823662651913],[92.20058288574221,25.778246900770434],[92.20772586398657,25.78007998996314],[92.20833333333336,25.795833333333366],[92.18945617675783,25.79640062120229],[92.18137715657555,25.803599378797777],[92.17585093180341,25.805017598470087],[92.17500000000003,25.808333333333366],[92.17535332573787,25.810757785373298],[92.17881334092884,25.81424221462677],[92.17952473958336,25.819123501247862],[92.1850755479601,25.824646674262187],[92.18992445203996,25.82535332573788],[92.1975755479601,25.83298000759552],[92.21250000000002,25.833333333333368],[92.2133509318034,25.83664906819665],[92.2166666666667,25.837500000000034],[92.21998240152998,25.83835093180342],[92.22083333333336,25.8416666666667],[92.2217207166884,25.845124816894565],[92.23137715657555,25.846400621202292],[92.23528951009116,25.84943271213111],[92.23750000000003,25.850000000000033],[92.24166666666669,25.850000000000033],[92.24223395453562,25.856377156575554],[92.24526604546443,25.860289510091178],[92.24668426513674,25.865815734863315],[92.25221048990888,25.867233954535624],[92.25736558702259,25.871229214138488],[92.25890062120229,25.877210489908887],[92.2619327121311,25.881122843424514],[92.26306728786895,25.885543823242223],[92.2744327121311,25.89778951009118],[92.27556728786895,25.90510389539934],[92.26712849934898,25.914574517144132],[92.27026604546444,25.918622843424515],[92.27140062120228,25.92304382324222],[92.27859937879776,25.931122843424514],[92.27973395453562,25.95221048990889],[92.29526604546443,25.968622843424512],[92.29583333333336,25.98333333333337],[92.29668426513675,25.986649068196648],[92.30000000000003,25.98750000000002],[92.30085093180341,25.9908159044054],[92.30416666666669,25.991666666666685],[92.30748240152997,25.992517428927968],[92.30930107964411,25.999603949652798],[92.31445617675784,26.003599378797762],[92.31887715657554,26.00473395453561],[92.32695617675783,26.011932712131095],[92.33137715657554,26.013067287868942],[92.33528951009117,26.01609937879776],[92.33971048990888,26.01723395453561],[92.3436228434245,26.020266045464428],[92.35327928331165,26.021541680230055],[92.35513441297745,26.028770616319463],[92.36028951009118,26.032766045464427],[92.36887715657555,26.033900621202275],[92.37278951009117,26.036932712131097],[92.3785837809245,26.038419596354185],[92.3869327121311,26.047789510091164],[92.38820851643882,26.057445949978316],[92.3916666666667,26.05833333333335],[92.39109937879776,26.060543823242206],[92.3879597981771,26.0645948621962],[92.3994327121311,26.076956176757832],[92.40056728786895,26.082118394639778],[92.3923278808594,26.08423292371964],[92.39100545247399,26.099100409613733],[92.38528951009117,26.100567287868945],[92.38013441297745,26.10456271701391],[92.37916666666669,26.108333333333352],[92.37916666666669,26.11250000000002],[92.37859937879777,26.11887715657554],[92.37556728786895,26.122789510091167],[92.37414906819664,26.1283159044054],[92.3686228434245,26.12973395453561],[92.36320427788631,26.13425292968752],[92.36193271213111,26.14387715657554],[92.35890062120228,26.147789510091165],[92.35776604546443,26.152210489908875],[92.35377078586157,26.15736558702259],[92.35000000000002,26.158333333333353],[92.33112284342451,26.15776604546443],[92.32613711886938,26.153902180989604],[92.32412024603953,26.161761135525193],[92.31592000325523,26.163067287868945],[92.3104166666667,26.158801947699672],[92.30637715657555,26.161932712131097],[92.30195617675784,26.163067287868945],[92.29804382324221,26.166099378797764],[92.2936228434245,26.16723395453561],[92.28971048990888,26.17026604546443],[92.26862284342451,26.171400621202277],[92.26471048990888,26.174432712131097],[92.26175333658857,26.175567287868944],[92.25637715657554,26.171400621202277],[92.25000000000003,26.170833333333352],[92.24964667426218,26.168408881293423],[92.2461866590712,26.16492445203995],[92.24583333333335,26.16250000000002],[92.24651930067277,26.146881442599845],[92.25480940077043,26.14438544379342],[92.2534612019857,26.117444864908872],[92.23953162299264,26.116023763020852],[92.22713504367407,26.10480957031252],[92.22286495632598,26.103523763020853],[92.21880171034074,26.100642903645852],[92.2166666666667,26.10000000000002]]]]},"properties":{"id":"shillong","name":"Shillong","state":"Meghalaya","group":"Northeast","riverName":"Umkhrah","hybasId":4080887910,"pfafId":45258034,"level":8,"nextDown":4080887900,"nextSink":4080025450,"mainBasin":4080025450,"subAreaKm2":1442.1,"upstreamAreaKm2":1442.1,"distanceToSinkKm":686.1,"distanceToMainKm":686.1,"endorheic":false,"coastal":false,"order":3,"upstreamUnits":[],"downstreamUnit":{"hybasId":4080887900,"subAreaKm2":109.7},"seedPoint":{"type":"Point","coordinates":[91.8933,25.5788]},"reachCount":430,"edition":"v1.c (level 8, Asia, 2014 release)","spatialReference":"EPSG:4326"}},{"type":"Feature","id":"tawang","bbox":[91.68333333333337,27.45776604546444,92.12083333333335,27.72973395453562],"geometry":{"type":"MultiPolygon","coordinates":[[[[92.0166666666667,27.625000000000032],[92.01445617675783,27.625567287868954],[92.01054382324222,27.628599378797773],[91.9936228434245,27.629733954535624],[91.98971048990887,27.632766045464443],[91.98528951009116,27.63390062120229],[91.98137715657555,27.63693271213111],[91.9717207166884,27.638208516438834],[91.97026604546443,27.643877156575552],[91.95890062120228,27.656122843424512],[91.95776604546442,27.66054382324222],[91.95473395453561,27.664456176757845],[91.95359937879776,27.66741333007816],[91.95776604546442,27.672789510091178],[91.95890062120228,27.679913330078158],[91.95377078586156,27.68653225368927],[91.94778951009117,27.688067287868957],[91.94228583441843,27.692657131618954],[91.94109937879776,27.714710489908885],[91.93806728786895,27.718622843424512],[91.93750000000004,27.725000000000033],[91.93112284342452,27.724432712131108],[91.92721048990889,27.72140062120229],[91.91371493869362,27.72026604546444],[91.91162041558164,27.728427971733975],[91.90342000325525,27.72973395453562],[91.89804382324222,27.725567287868955],[91.88945617675785,27.724432712131108],[91.88554382324223,27.72140062120229],[91.87500000000004,27.720833333333367],[91.8746466742622,27.71424221462677],[91.87118665907121,27.710757785373296],[91.87083333333337,27.704166666666698],[91.86445617675786,27.703599378797776],[91.85221048990888,27.692233954535624],[91.84778951009119,27.691099378797777],[91.84263441297746,27.68710411919491],[91.84081590440542,27.680017598470084],[91.83528951009119,27.678599378797774],[91.83137715657556,27.675567287868954],[91.82585076226133,27.674149068196648],[91.82443271213111,27.66862284342451],[91.81723395453562,27.66054382324222],[91.81609937879777,27.656122843424512],[91.81210394965281,27.650967746310798],[91.8048750135634,27.649112616645],[91.80345831977,27.638387383355067],[91.79668409559466,27.636649068196647],[91.79583333333338,27.633333333333365],[91.78333333333337,27.633333333333365],[91.78276604546444,27.63112284342451],[91.77973395453563,27.627210489908887],[91.77859937879778,27.622789510091177],[91.77556728786897,27.618877156575554],[91.77429165310333,27.609220716688398],[91.76724955240888,27.6074135674371],[91.75890062120229,27.598043823242218],[91.75776604546445,27.593622843424512],[91.75473395453562,27.589710489908885],[91.75359937879777,27.585289510091176],[91.7464006212023,27.577210489908886],[91.74583333333337,27.57500000000003],[91.7416666666667,27.57500000000003],[91.74107191297746,27.555207485622862],[91.7147104899089,27.529733954535622],[91.69778951009118,27.528599378797775],[91.69387715657555,27.525567287868956],[91.68835076226132,27.524149068196646],[91.68693271213111,27.51862284342451],[91.6839006212023,27.514710489908886],[91.68333333333337,27.508333333333365],[91.68683878580732,27.50743374294708],[91.68750000000003,27.500000000000032],[91.6916666666667,27.500000000000032],[91.69201999240455,27.4975755479601],[91.69548000759552,27.494091118706628],[91.69619140625004,27.489209832085535],[91.70174221462678,27.48368665907121],[91.70659111870663,27.482980007595515],[91.71424221462678,27.475353325737878],[91.71909111870663,27.474646674262182],[91.72328694661462,27.470480007595516],[91.75242445203996,27.47118665907121],[91.75662027994795,27.475353325737878],[91.76079135470924,27.47464107937286],[91.76631334092886,27.46909111870663],[91.76666666666671,27.466666666666697],[91.7772104899089,27.467233954535622],[91.78112284342451,27.47026604546444],[91.79387715657556,27.47140062120229],[91.79925333658858,27.475567287868955],[91.81471048990889,27.474432712131108],[91.81862284342452,27.47140062120229],[91.82414923773875,27.46998240152998],[91.82500000000003,27.466666666666697],[91.82742445203996,27.467019992404545],[91.8350755479601,27.474646674262182],[91.83992445203997,27.475353325737878],[91.84964226616758,27.485044860839874],[91.85000000000004,27.487500000000033],[91.85242445203997,27.487146674262185],[91.85590888129344,27.48368665907121],[91.86492445203997,27.482980007595515],[91.87257554796011,27.475353325737878],[91.87500000000004,27.47500000000003],[91.88750000000003,27.47500000000003],[91.8897104899089,27.474432712131108],[91.89508666992191,27.47026604546444],[91.91471048990888,27.47140062120229],[91.92008666992191,27.475567287868955],[91.92304382324222,27.474432712131108],[91.93112284342452,27.467233954535622],[91.93554382324223,27.46609937879777],[91.93945617675784,27.463067287868952],[91.94387715657555,27.46193271213111],[91.94925333658858,27.45776604546444],[91.96054382324222,27.458900621202286],[91.96445617675785,27.46193271213111],[91.9823394775391,27.463131883409318],[91.99109937879778,27.472789510091175],[91.99251742892798,27.478315734863312],[91.99583333333337,27.479166666666696],[92.01666666666671,27.479166666666696],[92.02012481689455,27.48005405002173],[92.02140062120228,27.489710489908884],[92.03276604546443,27.501956176757844],[92.03333333333336,27.508333333333365],[92.03554382324221,27.50776604546444],[92.03945617675784,27.50473395453562],[92.04878506130645,27.503599378797773],[92.05085093180341,27.511649068196647],[92.05637715657554,27.513067287868953],[92.06041666666668,27.516197882758277],[92.06445617675783,27.513067287868953],[92.07304382324222,27.511932712131106],[92.07695617675783,27.508900621202287],[92.10074666341148,27.50776604546444],[92.1061228434245,27.511932712131106],[92.11054382324221,27.513067287868953],[92.1199135674371,27.52141621907555],[92.12083333333335,27.52500000000003],[92.1186228434245,27.525567287868956],[92.10637715657555,27.536932712131108],[92.10195617675784,27.538067287868955],[92.09804382324221,27.541099378797774],[92.09237518310549,27.54255405002173],[92.09109937879776,27.552210489908887],[92.08806728786895,27.55612284342451],[92.0869327121311,27.564710489908887],[92.08235422770184,27.570200602213575],[92.06445617675783,27.571400621202287],[92.05637715657554,27.578599378797776],[92.04778951009116,27.579733954535623],[92.0381318834093,27.5884938557943],[92.0368623521593,27.607427639431457],[92.0311228434245,27.608900621202288],[92.02175309922963,27.617249552408886],[92.02083333333336,27.620833333333366],[92.01666666666671,27.620833333333366],[92.0166666666667,27.625000000000032]]],[[[92.0173278808594,27.63660040961375],[92.0166666666667,27.6291666666667],[92.0166666666667,27.625000000000032],[92.020209757487,27.625909254286057],[92.02083333333336,27.63750000000003],[92.0173278808594,27.63660040961375]]]]},"properties":{"id":"tawang","name":"Tawang","state":"Arunachal Pradesh","group":"Northeast","riverName":"Tawang Chu","hybasId":4080845090,"pfafId":45256670,"level":8,"nextDown":4080847220,"nextSink":4080025450,"mainBasin":4080025450,"subAreaKm2":692.4,"upstreamAreaKm2":3615.5,"distanceToSinkKm":737.3,"distanceToMainKm":737.3,"endorheic":false,"coastal":false,"order":3,"upstreamUnits":[4080841790,4080841640],"downstreamUnit":{"hybasId":4080847220,"subAreaKm2":161.8},"seedPoint":{"type":"Point","coordinates":[91.8594,27.5861]},"reachCount":58,"edition":"v1.c (level 8, Asia, 2014 release)","spatialReference":"EPSG:4326"}},{"type":"Feature","id":"kedarnath","bbox":[78.82083333333337,30.29166666666669,79.37500000000003,30.80833333333336],"geometry":{"type":"Polygon","coordinates":[[[79.37083333333337,30.637500000000024],[79.37168409559465,30.640815904405407],[79.37500000000003,30.64166666666669],[79.37410040961375,30.64517211914065],[79.36028951009118,30.646400621202282],[79.35221048990888,30.653599378797768],[79.34778951009118,30.654733954535615],[79.34387715657556,30.657766045464435],[79.33945617675785,30.65890062120228],[79.33430107964413,30.662896050347246],[79.33243374294707,30.67017211914065],[79.32500000000003,30.670833333333356],[79.3243825276693,30.672993638780405],[79.32050238715281,30.67830505371096],[79.30906846788197,30.679969278971377],[79.30771586100263,30.69382697211374],[79.30478413899743,30.697839694552975],[79.3041666666667,30.712500000000023],[79.30195617675784,30.71306728786895],[79.29804382324222,30.716099378797768],[79.29251742892798,30.717517428927977],[79.29109937879778,30.72304382324221],[79.28390062120229,30.731122843424505],[79.28333333333336,30.741666666666692],[79.28090888129344,30.741313340928844],[79.27325778537329,30.733686659071203],[79.2666666666667,30.73333333333336],[79.2475755479601,30.733686659071203],[79.24375000000003,30.737485419379365],[79.23992445203996,30.733686659071203],[79.20000000000003,30.73333333333336],[79.19924112955732,30.74061448838978],[79.19264967176653,30.742649671766518],[79.19068366156687,30.7490169949002],[79.18537767198355,30.75065544976131],[79.18128899468319,30.75351121690541],[79.17287767198354,30.754822116427977],[79.1687889946832,30.75767788357207],[79.1664208306207,30.758988783094644],[79.16045566134986,30.754822116427977],[79.14787767198354,30.75351121690541],[79.14374627007382,30.750625271267385],[79.13418714735246,30.758757188585093],[79.13267788357209,30.771079169379366],[79.13776821560333,30.778366427951415],[79.12500000000003,30.77916666666669],[79.12383694118927,30.783699205186657],[79.11471048990889,30.77556728786895],[79.10342000325524,30.7744327121311],[79.09804382324222,30.778599378797768],[79.0916666666667,30.77916666666669],[79.09131334092885,30.781591118706622],[79.08785332573788,30.785075547960094],[79.08714667426219,30.789924452039955],[79.08162129720056,30.7954776340061],[79.0725755479601,30.796186659071207],[79.06909111870662,30.799646674262178],[79.05174221462677,30.800353325737873],[79.0482577853733,30.803813340928844],[79.04340888129343,30.80451999240454],[79.03992445203995,30.80798000759551],[79.03750000000004,30.80833333333336],[79.03333333333336,30.80833333333336],[79.03298000759551,30.805908881293426],[79.02951999240454,30.802424452039958],[79.02881334092885,30.797575547960093],[79.02048000759552,30.78921576605905],[79.0211866590712,30.785075547960094],[79.02535332573788,30.78087972005211],[79.02464531792538,30.768381754557318],[79.0107577853733,30.75451999240454],[79.0058763292101,30.753808593750026],[79.00035332573788,30.74825778537329],[78.99964192708336,30.743376329210093],[78.99409111870662,30.737853325737873],[78.98090888129343,30.737146674262178],[78.97671305338545,30.73298000759551],[78.9725755479601,30.733686659071203],[78.96909111870663,30.737146674262178],[78.95833333333336,30.737500000000026],[78.95501742892799,30.73664923773874],[78.95359937879778,30.731122843424505],[78.94902106391062,30.725632731119816],[78.9311228434245,30.7244327121311],[78.92596774631079,30.720437282986136],[78.92443271213111,30.714456176757835],[78.92140062120228,30.71054382324221],[78.92026604546444,30.701956176757836],[78.91723395453562,30.698043823242212],[78.9158159044054,30.692517428927975],[78.91250000000002,30.69166666666669],[78.91214667426217,30.672575547960093],[78.90834791395402,30.668750000000024],[78.91248541937937,30.664583333333358],[78.90798000759551,30.660046386718776],[78.90868665907121,30.635075547960092],[78.91214667426217,30.63159111870662],[78.91250000000002,30.62916666666669],[78.9100755479601,30.628813340928843],[78.90452473958337,30.62329033745662],[78.90381334092885,30.618408881293426],[78.89829033745663,30.61285807291669],[78.89340888129342,30.612146674262178],[78.8878590901693,30.606624688042558],[78.88714667426218,30.602453613281273],[78.89131334092885,30.59825778537329],[78.89201999240454,30.589952256944468],[78.88579033745663,30.583691406250022],[78.88090888129344,30.58298000759551],[78.86702440049916,30.569120958116343],[78.8666666666667,30.56666666666669],[78.86631334092885,30.560075547960093],[78.85834655761721,30.552083333333357],[78.86631334092885,30.54409111870662],[78.86701999240454,30.52257554796009],[78.87081875271271,30.518750000000022],[78.86701999240454,30.514924452039953],[78.86631130642364,30.50588107638891],[78.85242445203995,30.492019992404536],[78.83924221462676,30.49131334092884],[78.83159111870663,30.483686659071203],[78.8291666666667,30.483333333333356],[78.82951999240454,30.480908881293423],[78.84964667426217,30.460757785373286],[78.85000000000002,30.458333333333357],[78.8494327121311,30.456122843424502],[78.84630194769969,30.452083333333356],[78.85056728786896,30.446579996744813],[78.8494327121311,30.439456176757837],[78.84640062120229,30.43554382324221],[78.84492967393666,30.429812282986134],[78.83137715657556,30.41723395453561],[78.82585093180342,30.415815904405406],[78.8244327121311,30.410289510091168],[78.82140062120229,30.406377156575545],[78.82083333333337,30.40416666666669],[78.82199215359161,30.40011393229169],[78.82700653076175,30.396450805664085],[78.83686167399091,30.39501647949221],[78.83750000000003,30.358333333333356],[78.83838738335507,30.35487501356339],[78.84804382324222,30.353599378797764],[78.85195617675784,30.350567287868945],[78.88137715657555,30.349432712131097],[78.88528951009117,30.346400621202278],[78.89387715657556,30.34526604546443],[78.89778951009117,30.34223395453561],[78.90331590440542,30.340815904405403],[78.90506625705298,30.333994547526064],[78.91250000000002,30.333333333333353],[78.91463487413198,30.33269042968752],[78.91869845920142,30.32980957031252],[78.93358357747398,30.328291151258703],[78.92852376302086,30.321155124240473],[78.93011474609378,30.3129594590929],[78.94786512586809,30.29647623697919],[78.95630154079863,30.295190429687523],[78.96036512586808,30.292309570312522],[78.98333333333336,30.29166666666669],[78.98333333333336,30.295833333333356],[78.9839508056641,30.297993638780405],[78.9868825276693,30.30200636121964],[78.98811747233076,30.310493638780404],[78.99104919433597,30.31450636121964],[78.99263848198788,30.320064968533007],[79.00350986056861,30.32164747450089],[79.00416666666669,30.34166666666669],[79.00659111870662,30.342019992404534],[79.01424221462676,30.349646674262175],[79.04409111870663,30.35035332573787],[79.04828694661461,30.354519992404537],[79.05242445203996,30.35381334092884],[79.0600755479601,30.3461866590712],[79.06492445203996,30.34548000759551],[79.06912027994795,30.341313340928842],[79.08159111870663,30.342019992404534],[79.0850755479601,30.34548000759551],[79.0916666666667,30.345833333333356],[79.09201999240454,30.348257785373285],[79.09964667426219,30.355908881293423],[79.10035332573788,30.36492445203995],[79.10381334092885,30.368408881293426],[79.1041666666667,30.379166666666688],[79.10659111870663,30.379519992404536],[79.1100755479601,30.382980007595506],[79.11492445203996,30.383686659071202],[79.11875067816844,30.387486097547765],[79.12745090060767,30.37881334092884],[79.15242445203997,30.379519992404536],[79.15590888129343,30.382980007595506],[79.1666666666667,30.383333333333354],[79.16701999240455,30.410757785373285],[79.17464667426218,30.418408881293423],[79.17535332573787,30.435049099392383],[79.16701999240455,30.443408881293426],[79.1666666666667,30.450000000000024],[79.17328491210941,30.450354682074675],[79.18714667426218,30.464242214626758],[79.18785332573788,30.46909111870662],[79.19131334092886,30.47257554796009],[79.19202473958336,30.477457004123288],[79.1975755479601,30.482980007595508],[79.20242445203996,30.483686659071203],[79.20590888129344,30.487146674262174],[79.21075778537329,30.48785332573787],[79.21424221462676,30.49131334092884],[79.22083333333336,30.49166666666669],[79.22440728081601,30.492583889431447],[79.22500000000004,30.51666666666669],[79.22845831977,30.517554050021722],[79.22973395453562,30.527210489908878],[79.23372938368058,30.532365587022593],[79.23971048990889,30.533900621202278],[79.24522942437069,30.538503011067732],[79.24583333333337,30.55416666666669],[79.24648912217886,30.56154005262589],[79.25195617675784,30.566099378797766],[79.26054382324222,30.567233954535613],[79.26592000325525,30.57140062120228],[79.27412041558163,30.57009446885853],[79.27500000000003,30.56666666666669],[79.30000000000003,30.56666666666669],[79.30056728786896,30.568877156575546],[79.30359937879777,30.57278951009117],[79.30473395453562,30.581377156575545],[79.31193271213111,30.589456176757835],[79.31340908474395,30.595209757487],[79.33554382324222,30.59640062120228],[79.34069892035593,30.600396050347246],[79.34251742892799,30.607482571072072],[79.34914923773874,30.609184095594642],[79.35056728786896,30.614710489908877],[79.37026604546445,30.63528951009117],[79.37083333333337,30.637500000000024]]]},"properties":{"id":"kedarnath","name":"Kedarnath","state":"Uttarakhand","group":"Himalayas","riverName":"Mandakini","hybasId":4080756600,"pfafId":45246920,"level":8,"nextDown":4080760960,"nextSink":4080025450,"mainBasin":4080025450,"subAreaKm2":1662.5,"upstreamAreaKm2":1662.5,"distanceToSinkKm":2318.1,"distanceToMainKm":2318.1,"endorheic":false,"coastal":false,"order":4,"upstreamUnits":[],"downstreamUnit":{"hybasId":4080760960,"subAreaKm2":815.8},"seedPoint":{"type":"Point","coordinates":[79.0669,30.7352]},"reachCount":160,"edition":"v1.c (level 8, Asia, 2014 release)","spatialReference":"EPSG:4326"}},{"type":"Feature","id":"mahabaleshwar","bbox":[73.55418023003476,17.12500000000003,74.18806728786895,17.9666666666667],"geometry":{"type":"Polygon","coordinates":[[[73.97083333333336,17.3791666666667],[73.96445617675784,17.37973395453562],[73.95637715657554,17.386932712131106],[73.9508509318034,17.388350931803416],[73.9494327121311,17.393877156575552],[73.94640062120227,17.397789510091176],[73.94526604546444,17.402210489908885],[73.94223395453561,17.40612284342451],[73.9416666666667,17.408333333333363],[73.94131334092884,17.414924452039962],[73.9336866590712,17.4225755479601],[73.9329800075955,17.43992445203996],[73.92951999240454,17.443408881293433],[73.92916666666669,17.445833333333365],[73.92916666666669,17.45000000000003],[73.92916666666669,17.458333333333364],[73.91424221462677,17.458686659071212],[73.90035773383251,17.472545539008276],[73.89964667426219,17.477424452039962],[73.88368665907122,17.493408881293433],[73.88298000759552,17.498257785373294],[73.86495395236548,17.516309102376333],[73.86007554796011,17.517019992404546],[73.85659111870663,17.520480007595516],[73.8541666666667,17.520833333333364],[73.8541666666667,17.52500000000003],[73.85359937879778,17.527210489908885],[73.84960394965282,17.5323655870226],[73.8423750135634,17.5342207166884],[73.84109937879778,17.54387715657555],[73.83806728786897,17.547789510091178],[73.83693271213112,17.552210489908887],[73.83390062120229,17.55612284342451],[73.83276604546445,17.56054382324222],[73.82973395453563,17.564456176757844],[73.82845831977001,17.574112616644996],[73.82500000000003,17.57500000000003],[73.82464667426218,17.58159111870663],[73.82118665907122,17.585075547960102],[73.82048000759552,17.589924452039963],[73.81285332573789,17.5975755479601],[73.81250000000004,17.6291666666667],[73.8121466742622,17.635757785373297],[73.80834723578563,17.639584011501768],[73.81631334092886,17.647575547960102],[73.81701999240455,17.66004892985029],[73.80868665907121,17.668408881293434],[73.80798000759552,17.673257785373295],[73.80035332573789,17.680908881293433],[73.79964667426219,17.693379550510016],[73.80381334092885,17.697575547960103],[73.80451999240455,17.714215596516958],[73.79618665907121,17.7225755479601],[73.79583333333338,17.725000000000033],[73.79583333333338,17.737500000000033],[73.79526604546444,17.743877156575554],[73.79223395453563,17.747789510091177],[73.79109937879778,17.756377156575553],[73.78390062120229,17.764456176757847],[73.78276604546444,17.789710489908888],[73.77824707031253,17.79512905544708],[73.76862284342451,17.79640062120229],[73.75898810492625,17.805139668782587],[73.75776604546445,17.818877156575553],[73.75473395453562,17.82278951009118],[73.75359937879777,17.827210489908886],[73.75056728786896,17.831122843424513],[73.74943271213111,17.835543823242222],[73.74543728298615,17.840698920355937],[73.73835076226132,17.842517598470085],[73.73693271213111,17.84804382324222],[73.7339006212023,17.851956176757845],[73.73276604546444,17.856377156575554],[73.72973395453563,17.860289510091178],[73.72852884928389,17.878260972764792],[73.72168409559465,17.880017598470086],[73.71998257107208,17.886649068196647],[73.71445617675785,17.888067287868957],[73.70637715657556,17.895266045464442],[73.70195617675785,17.89640062120229],[73.68137715657555,17.916099378797778],[73.67695617675784,17.917233954535625],[73.67304382324222,17.920266045464444],[73.6666666666667,17.920833333333366],[73.66581590440542,17.924149068196648],[73.65806884765628,17.92613711886939],[73.66193271213112,17.931122843424514],[73.66335076226132,17.936649068196648],[73.6666666666667,17.937500000000036],[73.66701999240455,17.939924452039964],[73.67048000759551,17.943408881293436],[73.67083333333336,17.94583333333337],[73.67048000759551,17.952424452039963],[73.66078559027781,17.962145148383282],[73.6475755479601,17.962853325737882],[73.64409111870663,17.966313340928853],[73.64166666666671,17.9666666666667],[73.6350755479601,17.966313340928853],[73.62742445203996,17.958686659071216],[73.62257554796011,17.95798000759552],[73.61909111870663,17.95451999240455],[73.61424221462677,17.953813340928853],[73.60452440049917,17.944121805826857],[73.60381334092885,17.93924221462677],[73.59828592936202,17.933687167697517],[73.57916666666671,17.93333333333337],[73.57881334092886,17.92674221462677],[73.55418023003476,17.902084350585973],[73.55798000759552,17.898257785373296],[73.55833333333337,17.895833333333368],[73.56576707628042,17.89517211914066],[73.5666666666667,17.8916666666667],[73.56763441297747,17.887895880805154],[73.57278951009118,17.88390062120229],[73.57858378092452,17.882413567437098],[73.58693271213112,17.87304382324222],[73.58806728786895,17.864456176757848],[73.60056728786896,17.85098809136288],[73.5994327121311,17.843622843424512],[73.59109937879778,17.834270562066006],[73.59223395453563,17.831122843424513],[73.5994327121311,17.82304382324222],[73.60088738335507,17.8173751831055],[73.61054382324222,17.816099378797777],[73.61445617675784,17.813067287868957],[73.62012498643666,17.811612616645],[73.6214006212023,17.801956176757844],[73.62859937879777,17.793877156575554],[73.6291666666667,17.7916666666667],[73.62880859375004,17.789209832085536],[73.6232577853733,17.783686659071215],[73.61840888129343,17.78298000759552],[73.61492445203997,17.77951999240455],[73.61004299587677,17.778808593750032],[73.60451999240455,17.773257785373296],[73.60381096733944,17.764212205674944],[73.59825778537329,17.758686659071213],[73.59583333333337,17.758333333333365],[73.5946960449219,17.762764655219218],[73.5884677463108,17.757937452528246],[73.58664923773875,17.75085093180342],[73.58333333333337,17.750000000000032],[73.58298000759552,17.73924221462677],[73.57951999240454,17.735757785373295],[73.57916666666671,17.725000000000033],[73.58162367078997,17.724641927083365],[73.58714667426219,17.71909111870663],[73.5878580729167,17.714209832085537],[73.59411892361115,17.70798000759552],[73.59825778537329,17.708686659071212],[73.60174221462677,17.712146674262186],[73.60659111870663,17.71285332573788],[73.61078694661462,17.717019992404545],[73.6232577853733,17.716313340928853],[73.63090888129344,17.708686659071212],[73.63750000000003,17.708333333333364],[73.64808146158857,17.708862813313836],[73.65322604709205,17.713029479980502],[73.65756666395403,17.711588033040396],[73.65833333333337,17.708333333333364],[73.65869140625003,17.705876498752204],[73.66424221462677,17.70035332573788],[73.66909111870663,17.699646674262183],[73.67257554796011,17.696186659071213],[73.68159111870663,17.695480007595517],[73.68924221462677,17.68785332573788],[73.6916666666667,17.687500000000032],[73.69201999240455,17.680908881293433],[73.69548000759552,17.67742445203996],[73.69618665907122,17.6725755479601],[73.69964667426218,17.66909111870663],[73.70035332573788,17.664242214626768],[73.70381334092886,17.660757785373296],[73.70416666666671,17.658333333333367],[73.71575758192277,17.657709757487012],[73.7166666666667,17.654166666666697],[73.71609937879778,17.64778951009118],[73.71193271213112,17.642413330078156],[73.71306728786897,17.635289510091177],[73.72026604546444,17.627210489908887],[73.72140062120229,17.622789510091177],[73.72556728786896,17.617413330078158],[73.72443271213112,17.614456176757844],[73.72130194769969,17.610416666666698],[73.72443271213112,17.606377156575554],[73.72556728786896,17.601956176757845],[73.72973395453563,17.596579996744822],[73.72859937879778,17.585289510091176],[73.72443271213112,17.579913330078156],[73.72556728786896,17.576956176757843],[73.72859937879778,17.57304382324222],[73.73005405002174,17.5673751831055],[73.73971048990889,17.566099378797773],[73.74778951009118,17.558900621202287],[73.75000000000004,17.558333333333366],[73.74943271213111,17.55612284342451],[73.7464006212023,17.552210489908887],[73.74526604546445,17.539456176757845],[73.74223395453562,17.535543823242218],[73.74081590440542,17.53001759847008],[73.73528951009118,17.528599378797775],[73.73137715657556,17.525567287868956],[73.72567715115021,17.524104478624164],[73.70890062120229,17.506377156575553],[73.70833333333337,17.5041666666667],[73.70798000759552,17.489242214626767],[73.70381334092886,17.48504621717668],[73.70451999240456,17.476742214626768],[73.71214667426219,17.46909111870663],[73.71250000000003,17.466666666666697],[73.70896131727434,17.465758599175377],[73.70776604546444,17.445086669921906],[73.71193271213112,17.439710489908883],[73.71306728786897,17.43112284342451],[73.71619805230038,17.427083333333364],[73.71306728786897,17.423043823242217],[73.71193271213112,17.418622843424508],[73.69845682779952,17.404216851128503],[73.69387715657555,17.40776604546444],[73.6916666666667,17.408333333333363],[73.68507554796011,17.407980007595516],[73.6753577338325,17.39828847249352],[73.67464667426219,17.393408881293432],[73.66701999240455,17.385757785373293],[73.6666666666667,17.38333333333336],[73.66912095811635,17.3829755995009],[73.68298000759552,17.369091118706628],[73.68368665907121,17.3600755479601],[73.6871466742622,17.35659111870663],[73.68785332573788,17.351742214626768],[73.69131334092886,17.348257785373292],[73.6916666666667,17.341666666666697],[73.69131334092886,17.3350755479601],[73.6871466742622,17.330879550510012],[73.68785332573788,17.326742214626766],[73.69131334092886,17.323257785373293],[73.6916666666667,17.308333333333362],[73.72824707031253,17.30774943033857],[73.72973395453563,17.30195617675784],[73.73276604546444,17.298043823242217],[73.73424682617191,17.292274136013482],[73.75000000000004,17.291666666666696],[73.7496466742622,17.289242214626764],[73.74618665907121,17.285757785373292],[73.74583333333337,17.283333333333363],[73.74618665907121,17.28090888129343],[73.7496466742622,17.27742445203996],[73.75035332573788,17.2725755479601],[73.75798000759552,17.26492445203996],[73.75833333333337,17.262500000000028],[73.75869106716584,17.260044860839873],[73.76840888129344,17.250353325737876],[73.77742445203997,17.24964667426218],[73.78090888129344,17.24618665907121],[73.80000000000004,17.245833333333362],[73.80035807291671,17.2433764987522],[73.80590888129343,17.237853325737877],[73.80833333333337,17.23750000000003],[73.80833333333337,17.233333333333363],[73.81882697211375,17.232715691460534],[73.82283969455298,17.229784308539525],[73.83279825846358,17.22833489312069],[73.84104919433598,17.218826802571645],[73.84228413899743,17.214506530761746],[73.84521586100264,17.21049346923831],[73.8469397650825,17.20446336534291],[73.85617302788633,17.19645097520619],[73.86049363878041,17.195215691460533],[73.86450636121965,17.192284308539524],[73.87420586480039,17.190872531467043],[73.87561747233076,17.181173197428414],[73.88271586100264,17.17299346923831],[73.8839508056641,17.168673197428415],[73.88693847656253,17.16458333333336],[73.8839508056641,17.16049346923831],[73.88333333333337,17.15833333333336],[73.90325113932295,17.15773484971791],[73.90513441297747,17.15039605034725],[73.91028951009119,17.146400621202286],[73.91887715657556,17.14526604546444],[73.92278951009118,17.14223395453562],[73.92721048990889,17.141099378797772],[73.9365627712674,17.132766045464436],[73.93971048990889,17.133900621202287],[73.94375000000004,17.13703138563371],[73.94778951009118,17.133900621202287],[73.9647104899089,17.132766045464436],[73.96862284342451,17.129733954535617],[73.97304382324222,17.12859937879777],[73.97695617675785,17.12556728786895],[73.9791666666667,17.12500000000003],[73.98333333333335,17.12500000000003],[73.9836866590712,17.127424452039957],[73.98714667426218,17.13090888129343],[73.98785332573787,17.135757785373293],[73.99131334092884,17.139242214626766],[73.99201999240454,17.14337972005211],[73.98785332573787,17.1475755479601],[73.98714667426218,17.156591118706626],[73.98334723578562,17.160417344835096],[73.99131334092884,17.16840888129343],[73.99166666666669,17.170833333333363],[73.99799346923831,17.17145097520619],[74.01033986409507,17.182715691460533],[74.01882680257164,17.18395097520619],[74.02283986409508,17.1868823581272],[74.04483557807077,17.188176981608102],[74.04645097520618,17.193826802571643],[74.04938235812719,17.19783986409508],[74.05079413519968,17.20753919813371],[74.06049346923831,17.208950975206193],[74.06450653076175,17.2118823581272],[74.0729934692383,17.21311764187286],[74.07700653076174,17.216049024793865],[74.0854934692383,17.217284308539526],[74.08950653076174,17.22021569146053],[74.09166666666668,17.220833333333363],[74.09825778537329,17.220480007595516],[74.10245378282337,17.21631334092885],[74.10659111870662,17.21701999240454],[74.1104166666667,17.220818752712702],[74.11495378282338,17.21631334092885],[74.12325778537328,17.21701999240454],[74.13090888129342,17.224646674262182],[74.13575778537329,17.225353325737878],[74.14340888129342,17.232980007595515],[74.14583333333336,17.233333333333363],[74.1464569091797,17.244924079047337],[74.15221048990888,17.246400621202284],[74.16028951009118,17.253599378797773],[74.16471048990888,17.25473395453562],[74.1686228434245,17.25776604546444],[74.17721048990887,17.258900621202287],[74.18683285183378,17.267628309461834],[74.18806728786895,17.279913330078156],[74.18390062120228,17.285289510091175],[74.18276604546443,17.289710489908884],[74.1797339545356,17.293622843424508],[74.17916666666669,17.295833333333363],[74.17500000000003,17.295833333333363],[74.17083333333336,17.295833333333363],[74.16424221462675,17.295480007595515],[74.15659111870661,17.287853325737878],[74.14411739773223,17.287146674262182],[74.13369106716583,17.297544860839874],[74.13333333333335,17.30000000000003],[74.13276604546444,17.310543823242217],[74.12973395453561,17.314456176757844],[74.12859937879776,17.31887715657555],[74.11990407307945,17.32846374511722],[74.11028951009116,17.32973395453562],[74.10637715657555,17.33276604546444],[74.0967207166884,17.334041849772166],[74.09526604546443,17.339710489908885],[74.09223395453562,17.34362284342451],[74.09095815022789,17.35327928331166],[74.08750000000002,17.354166666666696],[74.08528951009117,17.354733954535618],[74.08137715657554,17.35776604546444],[74.0686228434245,17.358900621202288],[74.06471048990888,17.361932712131107],[74.05739610460071,17.363067287868954],[74.04792548285593,17.354628499348987],[74.04387715657555,17.35776604546444],[74.01445617675783,17.358900621202288],[74.01054382324222,17.361932712131107],[73.99925333658857,17.363067287868954],[73.99387715657554,17.358900621202288],[73.99092000325523,17.35776604546444],[73.98430107964413,17.36289588080515],[73.98276604546443,17.36887715657555],[73.97973395453562,17.372789510091174],[73.9782670762804,17.378505452473988],[73.97083333333336,17.3791666666667]]]},"properties":{"id":"mahabaleshwar","name":"Mahabaleshwar","state":"Maharashtra","group":"Western Ghats","riverName":"Krishna headwaters","hybasId":4081085090,"pfafId":45366900,"level":8,"nextDown":4081089450,"nextSink":4080027940,"mainBasin":4080027940,"subAreaKm2":1891.3,"upstreamAreaKm2":1891.3,"distanceToSinkKm":1230,"distanceToMainKm":1230,"endorheic":false,"coastal":false,"order":2,"upstreamUnits":[],"downstreamUnit":{"hybasId":4081089450,"subAreaKm2":1322.4},"seedPoint":{"type":"Point","coordinates":[73.6477,17.9307]},"reachCount":316,"edition":"v1.c (level 8, Asia, 2014 release)","spatialReference":"EPSG:4326"}},{"type":"Feature","id":"ooty","bbox":[76.41250000000002,11.337500000000027,77.10833333333336,11.695833333333361],"geometry":{"type":"Polygon","coordinates":[[[76.56666666666669,11.337500000000027],[76.57428012424047,11.338276672363307],[76.57570359971791,11.361457316080756],[76.58236914740671,11.363464185926675],[76.58397606743709,11.368801710340739],[76.59216800265844,11.378367784288221],[76.60630171034074,11.379809400770426],[76.61036495632598,11.382690599229626],[76.62812856038414,11.384052361382405],[76.62916666666669,11.387500000000026],[76.62951999240454,11.389924452039956],[76.6329800075955,11.393408881293428],[76.63333333333335,11.39583333333336],[76.64076707628041,11.396494547526068],[76.64288160536027,11.404733954535617],[76.67304382324221,11.40359937879777],[76.67695617675784,11.40056728786895],[76.68137715657555,11.399432712131103],[76.68528951009117,11.396400621202282],[76.70000000000003,11.39583333333336],[76.70659111870663,11.396186659071207],[76.7100755479601,11.39964667426218],[76.71909111870663,11.400353325737873],[76.72674221462677,11.407980007595512],[76.7291666666667,11.40833333333336],[76.73333333333336,11.40833333333336],[76.73418426513675,11.405017598470078],[76.73750000000003,11.404166666666693],[76.7482577853733,11.404519992404541],[76.75590888129344,11.412146674262178],[76.75833333333335,11.412500000000026],[76.75923292371965,11.408994547526069],[76.77304382324222,11.407766045464436],[76.77695617675784,11.404733954535617],[76.78971048990888,11.40359937879777],[76.7950866699219,11.399432712131103],[76.79959428575307,11.401162041558186],[76.81193271213111,11.414456176757838],[76.81346774631079,11.420437452528239],[76.8186228434245,11.424432712131104],[76.82304382324222,11.425567287868951],[76.82695617675785,11.42859937879777],[76.8666666666667,11.429166666666694],[76.86990695529516,11.430093044704888],[76.8714508056641,11.435493469238308],[76.88271586100264,11.44783986409508],[76.88425971137156,11.4532402886285],[76.89089830186634,11.455138312445774],[76.89246080186635,11.465872531467042],[76.90216030544708,11.467284308539524],[76.90617302788631,11.470215691460531],[76.91250000000002,11.47083333333336],[76.91250000000002,11.466666666666693],[76.91572062174482,11.465908135308187],[76.9203036838108,11.460581631130669],[76.92144402398006,11.446770222981797],[76.92610066731774,11.445319790310357],[76.9364169650608,11.454696146647162],[76.93974812825523,11.453637186686224],[76.94358520507815,11.450529479980496],[76.94583333333337,11.450000000000028],[76.94804382324222,11.45056728786895],[76.95195617675785,11.45359937879777],[76.95637715657556,11.454733954535618],[76.96028951009117,11.457766045464437],[76.97304382324222,11.458900621202284],[76.97842000325524,11.46306728786895],[76.98252224392364,11.461493259006103],[76.98423699273006,11.45481245252824],[76.99790513780385,11.442126464843778],[77.00195617675784,11.445266045464436],[77.00637715657555,11.446400621202283],[77.01028951009117,11.449432712131102],[77.01471048990888,11.45056728786895],[77.01862284342451,11.45359937879777],[77.04492153591583,11.454780917697509],[77.04680107964413,11.462104119194905],[77.05195617675784,11.46609937879777],[77.07304382324222,11.467233954535617],[77.07842000325525,11.471400621202283],[77.08971048990888,11.470266045464436],[77.09362284342451,11.467233954535617],[77.1041666666667,11.466666666666693],[77.10748257107208,11.46751759847008],[77.10833333333336,11.47083333333336],[77.10501742892798,11.471684265136746],[77.1041666666667,11.475000000000026],[77.10344679090714,11.486723327636746],[77.08853013780384,11.488244967990479],[77.0868570963542,11.493801710340739],[77.07564290364587,11.506198289659316],[77.07435709635419,11.521467081705756],[77.08269042968753,11.531198289659315],[77.0839762369792,11.539635043674073],[77.08689710828996,11.543754916720948],[77.07980957031253,11.552031622992649],[77.07852376302087,11.55865512424048],[77.08269042968753,11.56453162299265],[77.0839762369792,11.56880171034074],[77.0868570963542,11.572864956325983],[77.08814290364586,11.575321790907147],[77.0839762369792,11.581198289659316],[77.08333333333337,11.58333333333336],[77.08333333333337,11.587500000000027],[77.08333333333337,11.591666666666695],[77.08333333333337,11.595833333333362],[77.08090888129344,11.596186659071208],[77.0753580729167,11.601709832085533],[77.07500000000003,11.604166666666694],[77.07500000000003,11.616666666666696],[77.07433776855471,11.627917480468778],[77.07036404079864,11.629784308539525],[77.06458333333336,11.62556152343753],[77.06049363878041,11.628549024793866],[77.05200636121965,11.629784308539525],[77.04382697211375,11.636882358127199],[77.03433295355906,11.638117641872858],[77.0325391981337,11.625794135199682],[77.02283969455299,11.624382358127198],[77.01882697211374,11.62145097520619],[77.01450636121965,11.620215691460531],[77.00632697211374,11.613117641872858],[76.99953070746531,11.611882358127199],[76.9925981309679,11.616946580674941],[76.99104919433597,11.62546912299265],[76.99521586100263,11.631173197428414],[76.9964508056641,11.63796912299265],[76.99155273437503,11.644674513075115],[76.98533969455298,11.646450975206191],[76.98132697211375,11.649382358127198],[76.97700636121965,11.65061764187286],[76.97156880696618,11.654966566297771],[76.97083333333336,11.662500000000028],[76.9600755479601,11.662853325737876],[76.95624898274743,11.66665310329864],[76.92742445203996,11.637853325737876],[76.9225755479601,11.637146674262182],[76.91875000000003,11.633347913954022],[76.91492445203995,11.637146674262182],[76.90662027994794,11.637853325737876],[76.90242445203997,11.63368665907121],[76.90000000000003,11.633333333333361],[76.89367302788631,11.633950975206192],[76.88966030544708,11.636882358127199],[76.87580261230471,11.63823513454864],[76.8743825276693,11.64799346923831],[76.87003343370229,11.653431193033882],[76.85515306260854,11.654883829752633],[76.8541666666667,11.658333333333362],[76.85381334092885,11.660757785373292],[76.8500145806207,11.664583333333361],[76.85381334092885,11.66840888129343],[76.8541666666667,11.695833333333361],[76.85174221462677,11.695480007595515],[76.84825778537329,11.692019992404543],[76.84340888129343,11.691313340928849],[76.83159111870663,11.679519992404543],[76.8291666666667,11.679166666666696],[76.82831573486331,11.675850931803414],[76.82500000000003,11.67500000000003],[76.82464192708336,11.672543165418865],[76.81909111870662,11.667019992404542],[76.81424221462676,11.666313340928848],[76.81004621717668,11.662146674262182],[76.79340888129343,11.662853325737876],[76.78159111870663,11.674646674262181],[76.7725755479601,11.675353325737877],[76.76909111870663,11.678813340928848],[76.76424221462676,11.679519992404543],[76.76004621717668,11.68368665907121],[76.75590888129344,11.682980007595514],[76.75242445203996,11.679519992404543],[76.7475755479601,11.678813340928848],[76.74375000000003,11.675014580620688],[76.73958333333336,11.679152086046036],[76.7357577853733,11.675353325737877],[76.73090888129343,11.674646674262181],[76.72708333333335,11.670847913954022],[76.72325778537329,11.674646674262181],[76.70000000000003,11.67500000000003],[76.6850755479601,11.674646674262181],[76.68159111870662,11.671186659071209],[76.67745378282338,11.670480007595515],[76.6732577853733,11.674646674262181],[76.6225755479601,11.675353325737877],[76.61909111870662,11.678813340928848],[76.61424221462676,11.679519992404543],[76.6107577853733,11.682980007595514],[76.59340888129343,11.68368665907121],[76.58575778537329,11.691313340928849],[76.58333333333336,11.691666666666695],[76.55590888129343,11.692019992404543],[76.55242445203996,11.695480007595515],[76.55000000000003,11.695833333333361],[76.54936981201175,11.693685743543865],[76.54646352132164,11.689647589789525],[76.54520314534508,11.672852410210531],[76.54103647867841,11.667062886556018],[76.54229685465498,11.656185743543865],[76.54646352132164,11.650396219889352],[76.54504699707034,11.638171556260879],[76.50618574354387,11.636869812011748],[76.50039621988935,11.63270314534508],[76.49368574354386,11.633963521321643],[76.48401879204647,11.642296854654976],[76.47183753119577,11.640921868218344],[76.47083333333336,11.637500000000028],[76.47304382324221,11.636932712131104],[76.47695617675784,11.633900621202285],[76.48390062120228,11.632118394639786],[76.48276604546443,11.622789510091174],[76.47973395453562,11.618877156575548],[76.47916666666669,11.604166666666694],[76.47585093180341,11.603315734863308],[76.47410040961374,11.59649454752607],[76.46028951009117,11.595266045464438],[76.45513441297746,11.591270785861573],[76.45331573486331,11.584184265136747],[76.44778951009117,11.582766045464437],[76.4384197658963,11.574417114257841],[76.4369327121311,11.568622843424507],[76.4285837809245,11.559253099229629],[76.42278951009118,11.557766045464437],[76.4131034003364,11.548980373806451],[76.41250000000002,11.53333333333336],[76.41250000000002,11.529166666666693],[76.41887715657555,11.528599378797772],[76.42278951009118,11.52556728786895],[76.43137715657555,11.524432712131103],[76.44072943793405,11.51609937879777],[76.45637715657554,11.517233954535618],[76.46028951009117,11.520266045464437],[76.46471048990888,11.521400621202284],[76.47278951009118,11.528599378797772],[76.48137715657555,11.529733954535619],[76.48675333658856,11.533900621202285],[76.49910363091365,11.532659573025201],[76.50085093180341,11.525850931803413],[76.50637715657555,11.524432712131103],[76.51028951009117,11.521400621202284],[76.52083333333336,11.52083333333336],[76.52142622205949,11.496750386556016],[76.52831573486331,11.494982401529976],[76.53013441297746,11.487895880805148],[76.53528951009118,11.483900621202284],[76.53971048990888,11.482766045464437],[76.54778951009118,11.475567287868952],[76.5533157348633,11.474149068196642],[76.55473395453562,11.468622843424505],[76.55859798855255,11.463637118869384],[76.55416666666669,11.462500000000027],[76.55350545247398,11.455066257052978],[76.54526604546443,11.452951727973117],[76.54640062120228,11.447789510091173],[76.5578816731771,11.435419209798203],[76.55056728786894,11.42721048990888],[76.54914906819664,11.421684265136745],[76.54206254747182,11.419865587022596],[76.53806728786896,11.414710489908881],[76.53684522840715,11.400973002115911],[76.52721048990888,11.392233954535616],[76.52500000000002,11.391666666666694],[76.52439490424266,11.38116065131296],[76.52022823757598,11.375540669759141],[76.52167087131079,11.367338222927543],[76.54495697021487,11.365997314453152],[76.54939490424265,11.360506015353758],[76.5506050957574,11.35616065131296],[76.55356157090931,11.352172682020425],[76.55494283040368,11.34245673285593],[76.56032731797963,11.338105095757404],[76.56250000000003,11.337500000000027],[76.56666666666669,11.337500000000027]]]},"properties":{"id":"ooty","name":"Ooty","state":"Tamil Nadu","group":"Western Ghats","riverName":"Nilgiri headwaters","hybasId":4081145450,"pfafId":45380404,"level":8,"nextDown":4081145580,"nextSink":4080028760,"mainBasin":4080028760,"subAreaKm2":1716.4,"upstreamAreaKm2":1716.6,"distanceToSinkKm":412.1,"distanceToMainKm":412.1,"endorheic":false,"coastal":false,"order":3,"upstreamUnits":[],"downstreamUnit":{"hybasId":4081145580,"subAreaKm2":432.1},"seedPoint":{"type":"Point","coordinates":[76.695,11.4102]},"reachCount":92,"edition":"v1.c (level 8, Asia, 2014 release)","spatialReference":"EPSG:4326"}},{"type":"Feature","id":"wayanad","bbox":[75.90000000000003,11.508333333333361,76.26723395453561,11.791666666666696],"geometry":{"type":"Polygon","coordinates":[[[76.08333333333336,11.537500000000028],[76.08992445203995,11.537853325737874],[76.09375000000003,11.541652086046035],[76.09791666666669,11.537514580620687],[76.10174221462675,11.541313340928847],[76.12325778537328,11.54201999240454],[76.1350755479601,11.553813340928848],[76.13750000000002,11.554166666666694],[76.13839959038631,11.550661214192736],[76.15221048990888,11.549432712131104],[76.16445617675784,11.538067287868952],[76.16961839463978,11.536932712131104],[76.1717466566298,11.545225863986573],[76.20221048990888,11.546400621202284],[76.20612284342451,11.549432712131104],[76.21471048990888,11.550567287868951],[76.22408023410375,11.558916219075549],[76.22500000000002,11.562500000000028],[76.22464667426217,11.564924452039959],[76.22118665907121,11.568408881293431],[76.22048000759551,11.572546217176678],[76.22464667426217,11.576742214626764],[76.22535332573787,11.58087955051001],[76.22118665907121,11.585075547960098],[76.22048000759551,11.606591118706625],[76.21285332573787,11.614242214626763],[76.21250000000002,11.629166666666695],[76.21909111870661,11.629519992404543],[76.22328711615671,11.63368665907121],[76.23162146674265,11.632977464464004],[76.23714667426218,11.627424452039959],[76.23750000000003,11.625000000000028],[76.2408157348633,11.624149068196644],[76.24263441297745,11.617062547471816],[76.24778951009117,11.613067287868951],[76.25416666666669,11.61250000000003],[76.25451999240454,11.614924452039958],[76.26665293375653,11.627082485622857],[76.26285332573786,11.630908881293431],[76.26214667426218,11.63992445203996],[76.25001373291018,11.65208248562286],[76.25381334092884,11.655908881293431],[76.25416666666669,11.658333333333362],[76.26054382324222,11.658900621202285],[76.26601596408423,11.663464185926678],[76.26723395453561,11.677951727973118],[76.26250000000002,11.679166666666696],[76.26250000000002,11.683333333333362],[76.26164906819663,11.686649068196644],[76.25833333333335,11.687500000000028],[76.2586866590712,11.689924452039959],[76.26214667426218,11.693408881293433],[76.26285332573786,11.706591118706626],[76.26665208604604,11.710416666666696],[76.26285332573786,11.714242214626765],[76.26250000000002,11.716666666666695],[76.25493808322486,11.717438083224856],[76.25416666666669,11.72500000000003],[76.2436228434245,11.725567287868952],[76.23554382324221,11.73276604546444],[76.2311228434245,11.733900621202286],[76.21887715657554,11.745266045464438],[76.21445617675784,11.746400621202286],[76.2105438232422,11.749432712131107],[76.18840925428604,11.750623575846383],[76.18750000000003,11.754166666666697],[76.17278951009116,11.75473395453562],[76.16887715657555,11.75776604546444],[76.1592207166884,11.759041849772165],[76.15833333333336,11.76250000000003],[76.15195617675784,11.761932712131106],[76.14791666666669,11.758802117241782],[76.14387715657554,11.761932712131106],[76.13945617675783,11.763067287868953],[76.12590348985462,11.775645785861574],[76.12410363091365,11.782659573025203],[76.11175333658856,11.783900621202287],[76.10637715657555,11.779733954535619],[76.09925333658856,11.778599378797772],[76.09387715657554,11.78276604546444],[76.08750000000002,11.783333333333363],[76.08507554796009,11.78368665907121],[76.07742445203995,11.791313340928848],[76.07083333333335,11.791666666666696],[76.0673043145074,11.790760972764787],[76.06609937879776,11.772789510091176],[76.06306728786895,11.76887715657555],[76.06250000000003,11.76250000000003],[76.06250000000003,11.758333333333363],[76.04340888129343,11.757980007595515],[76.03992445203995,11.754519992404543],[76.03750000000002,11.754166666666697],[76.03090888129343,11.754519992404543],[76.02708265516495,11.758319430881105],[76.01909111870663,11.750353325737876],[76.00245378282337,11.749646674262182],[75.99825778537328,11.753813340928849],[75.98090888129343,11.754519992404543],[75.97742445203995,11.757980007595515],[75.97328711615671,11.75868665907121],[75.96909111870661,11.754519992404543],[75.96666666666668,11.754166666666697],[75.96701999240453,11.747575547960098],[75.97118665907121,11.743379550510012],[75.97047441270618,11.739208814832928],[75.96492445203995,11.73368665907121],[75.9350755479601,11.732980007595515],[75.93159111870662,11.729519992404542],[75.92674221462676,11.728813340928848],[75.91909111870662,11.72118665907121],[75.91004553900827,11.720477634006105],[75.90451999240453,11.71492445203996],[75.90381334092883,11.710075547960098],[75.90035332573787,11.706591118706626],[75.90000000000003,11.70000000000003],[75.9008509318034,11.696684265136748],[75.90890062120228,11.694618394639786],[75.90776604546443,11.681122843424507],[75.90359937879776,11.675746663411488],[75.90473395453562,11.672789510091174],[75.90890062120228,11.667413330078153],[75.90776604546443,11.660289510091175],[75.90473395453562,11.65637715657555],[75.9041666666667,11.641666666666694],[75.90637715657554,11.641099378797772],[75.91028951009116,11.638067287868953],[75.91627078586157,11.636532253689264],[75.92026604546443,11.63137715657555],[75.92140062120228,11.618622843424507],[75.9244327121311,11.614710489908882],[75.92588738335506,11.609041849772163],[75.93554382324221,11.607766045464437],[75.93945617675783,11.604733954535618],[75.94166666666669,11.604166666666694],[75.94201999240454,11.601742214626764],[75.9454800075955,11.598257785373292],[75.94583333333335,11.595833333333362],[75.94619106716581,11.593378194173205],[75.95590888129342,11.583686659071208],[75.95833333333336,11.58333333333336],[75.9586866590712,11.58090888129343],[75.96214667426217,11.577424452039958],[75.96250000000002,11.575000000000028],[75.96285332573787,11.564242214626764],[75.96631334092883,11.56075778537329],[75.96701999240453,11.55590888129343],[75.97048000759551,11.552424452039958],[75.97083333333337,11.550000000000027],[75.97433878580732,11.549100409613743],[75.97500000000004,11.541666666666694],[75.98992445203996,11.541313340928847],[75.99340888129342,11.537853325737874],[75.99825778537328,11.53714667426218],[76.01007554796008,11.525353325737875],[76.01909111870663,11.52464667426218],[76.02257554796009,11.521186659071208],[76.02742445203995,11.520480007595513],[76.03090888129343,11.517019992404542],[76.03992445203995,11.516313340928846],[76.0475755479601,11.508686659071207],[76.05416666666669,11.508333333333361],[76.05748240152997,11.509184265136746],[76.05833333333335,11.512500000000028],[76.06075778537328,11.512853325737876],[76.06840888129342,11.520480007595513],[76.07325778537329,11.521186659071208],[76.07674221462676,11.52464667426218],[76.08333333333336,11.525000000000027],[76.08333333333336,11.537500000000028]]]},"properties":{"id":"wayanad","name":"Wayanad","state":"Kerala","group":"Western Ghats","riverName":"Kabini headwaters","hybasId":4081143290,"pfafId":45380809,"level":8,"nextDown":4081141390,"nextSink":4080028760,"mainBasin":4080028760,"subAreaKm2":838.3,"upstreamAreaKm2":838.4,"distanceToSinkKm":723.6,"distanceToMainKm":723.6,"endorheic":false,"coastal":false,"order":2,"upstreamUnits":[],"downstreamUnit":{"hybasId":4081141390,"subAreaKm2":1169.9},"seedPoint":{"type":"Point","coordinates":[76.132,11.6854]},"reachCount":142,"edition":"v1.c (level 8, Asia, 2014 release)","spatialReference":"EPSG:4326"}},{"type":"Feature","id":"manali","bbox":[76.93693271213111,31.837500000000034,77.39640062120229,32.416666666666686],"geometry":{"type":"Polygon","coordinates":[[[77.2291666666667,32.062500000000036],[77.23001742892798,32.065815904405405],[77.23554382324222,32.06723395453561],[77.23945617675784,32.07026604546443],[77.24387715657555,32.07140062120228],[77.24929572211374,32.07591959635418],[77.25056728786896,32.085543823242205],[77.25359937879777,32.089456176757835],[77.25473395453562,32.09387715657554],[77.25776604546444,32.09778951009117],[77.25890062120229,32.11054382324221],[77.26193271213111,32.114456176757834],[77.26250000000003,32.12083333333335],[77.27721048990888,32.12140062120228],[77.28112284342451,32.124432712131096],[77.28554382324222,32.12556728786895],[77.28945617675784,32.128599378797766],[77.29387715657555,32.12973395453561],[77.30324707031254,32.13808288574221],[77.30473395453562,32.14387715657554],[77.30922580295142,32.1492631700304],[77.31741333007815,32.150567287868945],[77.3229166666667,32.14630194769967],[77.32695617675785,32.149432712131095],[77.33554382324222,32.150567287868945],[77.33945617675785,32.153599378797765],[77.34387715657556,32.15473395453561],[77.3479166666667,32.15786471896703],[77.35195617675785,32.15473395453561],[77.36324666341149,32.153599378797765],[77.36862284342452,32.15776604546443],[77.39075758192277,32.15895690917971],[77.39223395453563,32.16471048990888],[77.39526604546444,32.1686228434245],[77.39640062120229,32.192413330078146],[77.39223395453563,32.19778951009117],[77.3916666666667,32.20000000000002],[77.3916666666667,32.20416666666669],[77.38945617675785,32.20473395453561],[77.38137715657555,32.211932712131095],[77.37585076226132,32.21335076226131],[77.37443271213111,32.218877156575545],[77.35765618218319,32.23660447862415],[77.35195617675785,32.238067287868944],[77.34680107964412,32.24206271701391],[77.34526604546444,32.248043823242206],[77.34213528103302,32.25208333333335],[77.34526604546444,32.2561228434245],[77.34640062120229,32.27574666341148],[77.34223395453563,32.2811228434245],[77.34109937879778,32.29387715657554],[77.33710394965281,32.299032253689255],[77.33112284342451,32.300567287868944],[77.32570427788632,32.305086263020854],[77.32443271213111,32.314710489908876],[77.31608378092452,32.32408040364585],[77.31028951009118,32.32556728786894],[77.30637715657555,32.32859937879776],[77.30195617675784,32.32973395453561],[77.29804382324222,32.33276604546443],[77.29362284342452,32.333900621202275],[77.28554382324222,32.341099378797765],[77.2791666666667,32.34166666666669],[77.27881334092885,32.348257785373285],[77.27535332573788,32.35174221462676],[77.27500000000003,32.354166666666686],[77.2725755479601,32.35451999240453],[77.26909111870663,32.35798000759551],[77.26424221462676,32.3586866590712],[77.25242445203996,32.37048000759551],[77.2475755479601,32.3711866590712],[77.23992445203996,32.37881334092884],[77.23578694661461,32.37951999240454],[77.23159111870663,32.37535332573787],[77.22745361328128,32.37464667426217],[77.22325778537329,32.37881334092884],[77.21424221462676,32.37951999240454],[77.21075778537329,32.382980007595506],[77.20590888129344,32.3836866590712],[77.19618801540801,32.39338107638891],[77.19583333333337,32.40000000000002],[77.1936228434245,32.3994327121311],[77.18957451714412,32.39629516601565],[77.18137715657555,32.403599378797765],[77.17695617675784,32.404733954535615],[77.17304382324222,32.407766045464435],[77.16862284342452,32.40890062120228],[77.16471048990888,32.4119327121311],[77.15918409559465,32.41335076226131],[77.15833333333336,32.416666666666686],[77.15590888129343,32.416313340928845],[77.15242445203997,32.41285332573787],[77.1475755479601,32.412146674262175],[77.14409111870663,32.4086866590712],[77.1350755479601,32.407980007595505],[77.13159111870662,32.40451999240454],[77.1225755479601,32.40381334092884],[77.11909111870663,32.40035332573787],[77.11424221462677,32.39964667426217],[77.1107577853733,32.396186659071205],[77.08578694661462,32.39548000759551],[77.08159111870663,32.39964667426217],[77.0791666666667,32.40000000000002],[77.07585076226131,32.39914923773874],[77.07443271213111,32.3936228434245],[77.05056728786896,32.36887715657554],[77.04943271213111,32.364456176757834],[77.04640062120228,32.36054382324221],[77.04526604546444,32.35342000325523],[77.04943271213111,32.34804382324221],[77.05056728786896,32.3436228434245],[77.05456271701392,32.33846774631078],[77.06164923773875,32.33664923773874],[77.06250000000003,32.33333333333336],[77.0618825276693,32.322839694552975],[77.0589508056641,32.31882697211374],[77.05740695529516,32.313426378038216],[77.05200636121965,32.31188252766929],[77.04799363878041,32.30895080566408],[77.03820563422312,32.30752631293405],[77.0368825276693,32.28950636121964],[77.03395080566409,32.2854936387804],[77.03240695529517,32.280093044704884],[77.02592637803822,32.278240288628496],[77.02500000000003,32.27500000000002],[77.02535332573788,32.268408881293425],[77.02881334092885,32.26492445203995],[77.02952067057295,32.23921373155384],[77.0350755479601,32.2336866590712],[77.0399570041233,32.23297526041669],[77.04548000759551,32.227424452039955],[77.04583333333336,32.22083333333335],[77.04583333333336,32.21666666666669],[77.04251742892798,32.2158159044054],[77.0408159044054,32.20918409559464],[77.03528951009118,32.20776604546443],[77.03137715657554,32.20473395453561],[77.01028951009117,32.20359937879776],[77.00637715657555,32.20056728786894],[77.00000000000003,32.20000000000002],[76.99654168023007,32.19911261664499],[76.99526604546443,32.18945617675783],[76.99223395453562,32.185543823242206],[76.99109937879777,32.1686228434245],[76.98806728786896,32.16471048990888],[76.98693271213111,32.16028951009117],[76.97962849934899,32.15209214952259],[76.98276604546444,32.148043823242205],[76.98390062120228,32.13675333658856],[76.97963528103301,32.13125000000002],[76.98276604546444,32.127210489908876],[76.98333333333336,32.12083333333335],[76.98333333333336,32.11250000000003],[76.94583333333337,32.11250000000003],[76.94251742892799,32.11164906819665],[76.94109937879777,32.106122843424515],[76.93806728786895,32.10221048990889],[76.93693271213111,32.08675333658858],[76.94119805230038,32.08125000000003],[76.93806728786895,32.07721048990889],[76.93693271213111,32.074253336588576],[76.94109937879777,32.06887715657555],[76.94223395453562,32.063714938693614],[76.93750000000003,32.062500000000036],[76.93806728786895,32.06028951009118],[76.94109937879777,32.05637715657556],[76.94232788085941,32.04256625705299],[76.94960394965281,32.040698920355936],[76.95359937879778,32.03554382324222],[76.95513441297746,32.029562547471826],[76.96028951009117,32.02556728786896],[76.9699137369792,32.02429572211375],[76.9744327121311,32.018877156575556],[76.97556728786896,32.01445617675785],[76.97973395453562,32.00907999674482],[76.97859937879777,32.001956176757844],[76.97556728786896,31.998043823242224],[76.97500000000002,31.975000000000033],[76.98235507541236,31.974345737033456],[76.99526604546443,31.960543823242222],[76.99640062120228,31.956122843424513],[76.99943271213111,31.95221048990889],[77.00056728786896,31.943622843424514],[77.00359937879777,31.93971048990889],[77.00505405002173,31.93404184977217],[77.01577928331166,31.932624816894567],[77.01723395453563,31.926956176757848],[77.0244327121311,31.918877156575554],[77.02500000000003,31.908333333333367],[77.02535332573788,31.901742214626772],[77.03714667426219,31.889924452039963],[77.03785332573787,31.885075547960103],[77.04964667426218,31.873257785373298],[77.05035332573787,31.868408881293437],[77.05868665907121,31.860048929850294],[77.05798000759552,31.85174221462677],[77.05418124728736,31.8479166666667],[77.05798000759552,31.84409111870663],[77.05833333333337,31.837500000000034],[77.07500000000003,31.837500000000034],[77.07564290364587,31.83963504367408],[77.0791432698568,31.844571770562098],[77.08546820746531,31.8464760674371],[77.08953179253476,31.849357265896302],[77.09380154079864,31.850642734103765],[77.09786512586808,31.853523932562968],[77.10213487413198,31.85480940077043],[77.11170111762156,31.863001335991786],[77.11327785915802,31.878459676106804],[77.13963487413197,31.879809400770434],[77.14457160101999,31.88330976698137],[77.14583333333337,31.887500000000035],[77.14583333333337,31.895833333333368],[77.1461866590712,31.9232577853733],[77.14964667426219,31.92674221462677],[77.15035332573788,31.935046217176684],[77.1461866590712,31.93924221462677],[77.14583333333337,31.950000000000035],[77.14914923773874,31.95085093180342],[77.15056728786895,31.956377156575556],[77.15776604546444,31.964456176757846],[77.15890062120229,31.968877156575555],[77.17443271213111,31.98528951009118],[77.17556728786896,31.989710489908887],[77.17859937879777,31.993622843424514],[77.17973395453562,32.00221048990889],[77.18276604546445,32.006122843424514],[77.18390062120228,32.01054382324222],[77.19109937879777,32.01862284342452],[77.19223395453562,32.023043823242226],[77.19526604546444,32.02695617675785],[77.19640062120229,32.03971048990889],[77.20359937879778,32.04778951009118],[77.20473395453563,32.05221048990889],[77.2119327121311,32.06028951009118],[77.21250000000003,32.062500000000036],[77.2291666666667,32.062500000000036]]]},"properties":{"id":"manali","name":"Manali","state":"Himachal Pradesh","group":"Himalayas","riverName":"Upper Beas","hybasId":4080707370,"pfafId":45646080,"level":8,"nextDown":4080712390,"nextSink":4080033640,"mainBasin":4080033640,"subAreaKm2":1419.3,"upstreamAreaKm2":1419.3,"distanceToSinkKm":2028.9,"distanceToMainKm":2028.9,"endorheic":false,"coastal":false,"order":4,"upstreamUnits":[],"downstreamUnit":{"hybasId":4080712390,"subAreaKm2":352.2},"seedPoint":{"type":"Point","coordinates":[77.1892,32.2432]},"reachCount":151,"edition":"v1.c (level 8, Asia, 2014 release)","spatialReference":"EPSG:4326"}},{"type":"Feature","id":"srinagar","bbox":[74.45000000000003,33.495833333333366,75.23811747233076,34.238067287868944],"geometry":{"type":"Polygon","coordinates":[[[75.1416666666667,34.09583333333335],[75.14201999240454,34.11492445203995],[75.14964667426219,34.12257554796009],[75.15000000000003,34.12500000000002],[75.14778951009117,34.12556728786895],[75.14263441297746,34.12956271701391],[75.14109937879778,34.13554382324221],[75.13806728786895,34.13945617675783],[75.136612616645,34.14512498643665],[75.12695617675784,34.146400621202275],[75.12304382324221,34.149432712131095],[75.1186228434245,34.150567287868945],[75.11471048990889,34.153599378797765],[75.1041666666667,34.15416666666669],[75.10000000000004,34.15416666666669],[75.08924221462676,34.15451999240453],[75.08159111870663,34.162146674262175],[75.0725755479601,34.16285332573787],[75.06702473958336,34.16837632921009],[75.06631334092884,34.17325778537328],[75.06078626844621,34.178812662760436],[75.04583333333336,34.17916666666669],[75.01028951009117,34.17859937879776],[75.00625000000002,34.17546861436634],[75.00221048990889,34.17859937879776],[74.99778951009118,34.179733954535614],[74.99387715657555,34.18276604546443],[74.97695617675784,34.18390062120228],[74.96471048990888,34.19526604546443],[74.95195617675785,34.19640062120228],[74.94804382324222,34.1994327121311],[74.9436228434245,34.20056728786894],[74.93846774631079,34.20456271701391],[74.93664923773875,34.21164923773873],[74.9311228434245,34.213067287868945],[74.92721048990889,34.216099378797765],[74.9200866699219,34.21723395453561],[74.91471048990888,34.213067287868945],[74.90612284342451,34.211932712131095],[74.90221048990888,34.208900621202275],[74.90000000000003,34.20833333333336],[74.89933878580732,34.2157670762804],[74.89362284342451,34.21723395453561],[74.88971048990888,34.22026604546443],[74.88528951009117,34.22140062120228],[74.87721048990889,34.22859937879777],[74.8666666666667,34.229166666666686],[74.86445617675784,34.22973395453561],[74.86054382324221,34.23276604546443],[74.85612284342452,34.23390062120228],[74.85221048990888,34.2369327121311],[74.84482150607641,34.238067287868944],[74.8258955213759,34.22015618218318],[74.8244327121311,34.214456176757835],[74.82140062120229,34.210543823242205],[74.82026604546444,34.2061228434245],[74.81723395453562,34.20221048990887],[74.81609937879777,34.18945617675783],[74.81306728786895,34.185543823242206],[74.81193271213111,34.1762149386936],[74.8212305704753,34.173828803168426],[74.80890062120228,34.16054382324221],[74.80833333333337,34.133333333333354],[74.80717451307511,34.12928059895835],[74.80046912299265,34.12438252766929],[74.79783986409508,34.125617472330745],[74.79213578965931,34.129784138997415],[74.78950653076174,34.12854919433596],[74.78541666666669,34.12556152343752],[74.78052775065107,34.12913275824655],[74.77561764187286,34.1229936387804],[74.77400037977434,34.11188252766929],[74.7593217637804,34.11320970323353],[74.75771569146053,34.11882697211374],[74.75478430853953,34.12283969455297],[74.75416666666669,34.12500000000002],[74.75000000000003,34.12500000000002],[74.74583333333337,34.12500000000002],[74.74367319742841,34.12438252766929],[74.73836144341365,34.1205023871528],[74.73669738769534,34.10906846788196],[74.7291666666667,34.108333333333356],[74.72988382975264,34.10098639594186],[74.73811764187286,34.098632134331616],[74.7368823581272,34.093673027886304],[74.73271569146053,34.087969292534744],[74.73395097520618,34.08533969455297],[74.73811764187286,34.07963595920141],[74.7368823581272,34.068673027886305],[74.73395097520618,34.06466030544707],[74.73262939453127,34.046664428710955],[74.7229934692383,34.03811747233075],[74.71320563422312,34.036692979600716],[74.71179606119794,34.01749776204429],[74.70216013590498,34.00895080566408],[74.6965003119575,34.007332695855055],[74.69521569146053,33.9811730278863],[74.69228430853953,33.977160305447065],[74.6907402886285,33.97175971137155],[74.68363003200957,33.969726901584224],[74.67561764187286,33.9604936387804],[74.67391170925566,33.95452711317276],[74.6604934692383,33.942284138997415],[74.65200653076175,33.94104919433595],[74.64799346923832,33.938117472330745],[74.64583333333336,33.93750000000002],[74.64251759847008,33.936649237738735],[74.64109937879778,33.9311228434245],[74.63806728786895,33.92721048990887],[74.63750000000003,33.92083333333335],[74.63714667426218,33.91424221462677],[74.62535332573788,33.902424452039966],[74.62464667426218,33.8975755479601],[74.62118665907121,33.89409111870663],[74.6204752604167,33.88920983208554],[74.61492445203996,33.883686659071216],[74.59340888129343,33.88298000759552],[74.58992445203995,33.879519992404546],[74.58090888129342,33.87881334092885],[74.57325778537329,33.87118665907121],[74.56840888129344,33.87048000759552],[74.56492445203996,33.86701999240455],[74.55416666666669,33.8666666666667],[74.55203162299264,33.86602393256297],[74.54709489610462,33.86252356635203],[74.54519059922963,33.856198289659325],[74.53735012478302,33.84704267713762],[74.53119828965932,33.84519059922963],[74.5229683770074,33.83814273410377],[74.51869828965931,33.8368572658963],[74.49796837700741,33.817309400770434],[74.48407253689238,33.815892028808626],[74.48269059922963,33.79786495632599],[74.4706220838759,33.78452419704865],[74.4666666666667,33.78333333333337],[74.4666666666667,33.7791666666667],[74.46630893283422,33.77671152750654],[74.45659111870663,33.76701999240455],[74.45000000000003,33.7666666666667],[74.45035332573788,33.76424221462677],[74.45381334092885,33.7607577853733],[74.4541666666667,33.75833333333337],[74.45659111870663,33.75798000759552],[74.46424221462676,33.75035332573788],[74.46909111870663,33.74964667426219],[74.48090888129343,33.73785332573788],[74.48333333333336,33.73750000000003],[74.48333333333336,33.73333333333336],[74.48333333333336,33.7291666666667],[74.48554382324221,33.728599378797774],[74.48945617675784,33.725567287868955],[74.49908057318795,33.72429572211375],[74.50359937879777,33.71887715657555],[74.50473395453561,33.71445617675784],[74.50776604546444,33.71054382324222],[74.50924258761938,33.704790242513056],[74.52083333333336,33.7041666666667],[74.52168426513674,33.700850931803416],[74.52721048990888,33.699432712131106],[74.5311228434245,33.69640062120229],[74.53691711425783,33.6949135674371],[74.54526604546443,33.68554382324222],[74.54583333333336,33.683333333333366],[74.54548000759551,33.6725755479601],[74.54201999240453,33.66909111870663],[74.54131334092885,33.66424221462677],[74.53368665907121,33.65659111870663],[74.53298000759551,33.6475755479601],[74.52464667426219,33.63921559651696],[74.52535332573787,33.626742214626766],[74.52881334092885,33.6232577853733],[74.52951999240454,33.6100755479601],[74.53785332573787,33.60171559651696],[74.53714667426217,33.593408881293435],[74.52535332573787,33.581591118706626],[74.52464667426219,33.564242214626766],[74.51666463216148,33.55623474121097],[74.5225755479601,33.55035332573788],[74.52745683458119,33.549641927083364],[74.53298000759551,33.54409111870663],[74.53368903266062,33.53504553900828],[74.53924221462677,33.529519992404545],[74.5416666666667,33.5291666666667],[74.55000000000003,33.5291666666667],[74.55416666666669,33.5291666666667],[74.55505405002172,33.52570851643883],[74.56574723985463,33.52429572211375],[74.57026604546444,33.51887715657555],[74.57083333333335,33.516666666666694],[74.57433878580731,33.51576707628041],[74.57500000000003,33.50833333333336],[74.59409111870663,33.50798000759552],[74.59757554796009,33.504519992404546],[74.60242445203995,33.50381334092885],[74.60590888129343,33.500353325737876],[74.61492445203996,33.49964667426218],[74.61840888129343,33.49618665907121],[74.62916666666669,33.495833333333366],[74.63001759847008,33.499149068196644],[74.6371041191949,33.50096774631079],[74.64109937879778,33.50612284342451],[74.64256625705298,33.51183878580732],[74.65000000000003,33.51250000000003],[74.65056728786895,33.52304382324222],[74.65359937879776,33.52695617675784],[74.65473395453562,33.53137715657555],[74.65776604546444,33.535289510091175],[74.65890062120228,33.546770562066],[74.65056728786895,33.55612284342451],[74.6494327121311,33.56471048990888],[74.64640062120229,33.568622843424514],[74.64526604546444,33.573043823242216],[74.64140201144751,33.57802954779734],[74.64804382324222,33.57973395453562],[74.65195617675784,33.58276604546444],[74.65759463840064,33.58421308729387],[74.65890062120228,33.59241333007816],[74.65463545057511,33.5979166666667],[74.65776604546444,33.601956176757845],[74.65890062120228,33.606377156575554],[74.66609937879777,33.61445617675784],[74.66723395453562,33.61887715657555],[74.67443271213111,33.626956176757844],[74.67556728786894,33.63137715657555],[74.67859937879777,33.63528951009118],[74.67916666666669,33.63750000000003],[74.69825778537329,33.63785332573788],[74.70174221462676,33.64131334092885],[74.71909111870663,33.64201999240455],[74.72257554796009,33.645480007595516],[74.7291666666667,33.645833333333364],[74.7357577853733,33.64618665907121],[74.73924221462677,33.649646674262186],[74.76250000000003,33.650000000000034],[74.76492445203996,33.65035332573788],[74.76840888129342,33.65381334092885],[74.77325778537329,33.654519992404545],[74.78090888129343,33.66214667426218],[74.79409111870663,33.66285332573788],[74.79828711615671,33.66701999240455],[74.82742445203996,33.66631334092885],[74.83090888129342,33.66285332573788],[74.83992445203995,33.66214667426218],[74.8475755479601,33.654519992404545],[74.85659111870663,33.65381334092885],[74.86840888129343,33.64201999240455],[74.89583333333336,33.6416666666667],[74.89619140625003,33.64412350124786],[74.90174221462676,33.649646674262186],[74.91492445203995,33.65035332573788],[74.91840888129343,33.65381334092885],[74.95000000000003,33.6541666666667],[74.95221048990888,33.65473395453562],[74.95612284342451,33.65776604546444],[74.96887715657554,33.65890062120229],[74.97278951009118,33.66193271213111],[74.99482727050784,33.663118320041264],[75.00359937879777,33.67278951009118],[75.00505744086375,33.67847052680125],[75.02695617675785,33.699432712131106],[75.03137715657554,33.70056728786896],[75.06028951009118,33.728599378797774],[75.06994594997833,33.7298751831055],[75.07140062120229,33.73554382324222],[75.07859937879778,33.74362284342451],[75.08001742892799,33.749149068196644],[75.08333333333337,33.750000000000036],[75.08992445203997,33.74964667426219],[75.09412027994794,33.74548000759552],[75.09825778537329,33.74618665907121],[75.10174221462677,33.74964667426219],[75.11250000000003,33.750000000000036],[75.1166666666667,33.750000000000036],[75.1166666666667,33.7541666666667],[75.11728413899743,33.75632680257165],[75.12116427951392,33.761638556586405],[75.13253919813371,33.763294135199686],[75.1341016981337,33.77402835422095],[75.13966030544708,33.77561764187286],[75.14367302788632,33.77854902479387],[75.1479936387804,33.77978430853953],[75.15617302788631,33.7868823581272],[75.16049363878041,33.788117641872866],[75.16580505371097,33.79199778238936],[75.16728413899743,33.802160135904984],[75.17438252766931,33.810339864095084],[75.17500000000003,33.812500000000036],[75.17721048990889,33.81193271213111],[75.1825866699219,33.80776604546444],[75.18709411621097,33.809495374891526],[75.19943271213111,33.82278951009118],[75.20062357584638,33.844924079047345],[75.2041666666667,33.84583333333337],[75.20359937879778,33.893877156575556],[75.20056728786895,33.89778951009118],[75.19914923773875,33.90331573486331],[75.19583333333337,33.9041666666667],[75.19618665907122,33.9107577853733],[75.19964667426218,33.91424221462677],[75.20035332573788,33.91909111870663],[75.21214667426219,33.93090888129343],[75.21285332573788,33.9357577853733],[75.22048000759551,33.943408881293436],[75.22118665907121,33.9482577853733],[75.22464667426219,33.95174221462677],[75.22535332573788,33.968379550510015],[75.22118665907121,33.972575547960105],[75.22048000759551,33.98504621717668],[75.22464667426219,33.98924221462677],[75.22500000000004,33.9916666666667],[75.22464667426219,33.994091118706635],[75.22118665907121,33.9975755479601],[75.22083333333336,34.000000000000036],[75.22429165310334,34.00088738335507],[75.22570834689674,34.011612616645],[75.2291666666667,34.01250000000004],[75.22978413899743,34.01466013590498],[75.23271586100263,34.01867319742842],[75.2339508056641,34.022993469238315],[75.23688252766931,34.02700653076175],[75.23811747233076,34.03196546766497],[75.23117302788631,34.033950975206196],[75.22716030544709,34.03688235812721],[75.21733466254344,34.03831244574656],[75.2166666666667,34.0541666666667],[75.21450636121965,34.05478430853953],[75.20919494628909,34.058664449056025],[75.20752393934465,34.07014533148875],[75.19583333333337,34.07083333333337],[75.17703179253475,34.0714760674371],[75.1729682074653,34.0743572658963],[75.16453179253476,34.075642734103766],[75.16046820746531,34.078523932562966],[75.15491163465715,34.080196804470525],[75.15339016384551,34.095113457573824],[75.1416666666667,34.09583333333335]]]},"properties":{"id":"srinagar","name":"Srinagar","state":"Jammu & Kashmir","group":"Himalayas","riverName":"Jhelum","hybasId":4080641540,"pfafId":45642879,"level":8,"nextDown":4080639650,"nextSink":4080033640,"mainBasin":4080033640,"subAreaKm2":3108.9,"upstreamAreaKm2":6407.4,"distanceToSinkKm":2099.4,"distanceToMainKm":2099.4,"endorheic":false,"coastal":false,"order":4,"upstreamUnits":[4080652490,4080652280],"downstreamUnit":{"hybasId":4080639650,"subAreaKm2":209.5},"seedPoint":{"type":"Point","coordinates":[74.7973,34.0837]},"reachCount":238,"edition":"v1.c (level 8, Asia, 2014 release)","spatialReference":"EPSG:4326"}}]}